Classification,Name,Contact,Communication_Preference,Phone,Invoice_Email,Route,Rating,csp
AA,CHEZ GIBB CENTRE-VILLE,Jean-Francois,Telephone,(819) 277-7387,info@chezgibb.com,Abitibi,1
Général,PETRO-CANADA ARRÊT ROUTIER LE RACK À BROUE (Alcasyna),Alex Lambert / Joanie,Telephone,(819) 732-3235,ARRET.ROUTIER@ALCASYNA.QC.CA,Abitibi,2
Général,COOP AMOS IGA EXTRA 8578,SYLVAIN,Telephone,(819) 732-5281,IGA08578EPICERIE@SOBEYS.COM,Abitibi,3
DBSQ + AA,DEPANNEUR CHEZ GIBB,Jean-Francois,Cell + Email,(819) 277-7387,INFO@CHEZGIBB.COM,Abitibi,3
Général,DEPANNEUR LE CAGIBI,Jessica Ouellet Cell si absente 819-629-2244,Telephone,(819) 629-2166,CAGIBI@OUTLOOK.COM,Abitibi,3
Général,MARCHE FAMILLE JULIEN INC,Benoit Godin,Telephone,(819) 762-6402,IGA08286epicerie@SOBEYS.COM,Abitibi,3
Général,Provigo Val d’or 8812,Sylvain Fortin,Cell + Email,(819) 825-5000,smp8812d@provigo.ca,Abitibi,3
Général,STATION CENTRE-VILLE,Vincent Labranche,Courriel,(705) 499-5923 CELL,VINCENTLABRANCHE@GMAIL.COM,Abitibi,3
Général,ALIMENTATION SYLVAIN BOYER INC,Chantal Valois (proprio),Telephone,(819) 333-5598,iga08561SBoyer@sobeys.com,Abitibi,4
Général,DEPANNEUR LACELLE (VOISIN),Andre-Jean Garneau,Courriel,(819) 623-1623,DEPLACELLE@HOTMAIL.COM,Abitibi,4
Général,LA TANIÈRE,Julien,Telephone,(819) 824-2002,LATANIERE08@OUTLOOK.COM,Abitibi,3,csp
DBSQ,PUB CHEZ GIBB,Jean-François,Telephone,(819) 277-7387,info@chezgibb.com,Abitibi,3,csp
Général,EPICERIE R BUTEAU (inter Marche St-Prospère),Alexandre Giguère (Open deck),PivoHub/Tel/Courriel,(418) 594-8244,inter8344@hotmail.com,Beauce,1
Général,ACCOMODATION 7-23 (MARCHE 723),Philippe Cloutier C. (418) 313-1336,Telephone,(418) 227-0548,ACC7-23@OUTLOOK.COM,Beauce,2
Général,IGA MARCHE ST-PIERRE ET FILS 0407,Stephane Pelletier Texto rapide: 819-740-4410,PivoHub/Courriel,(418) 335-6222,IGA00407MARCHESTPIERRE@SOBEYS.COM,Beauce,2
2% Gestion,2669 METRO RICHELIEU INC.(corporatif),Brian Pas de place en magasin pas de commande,Telephone,(418) 423-7888,,Beauce,3
2% Gestion,4417 (METRO) COOPÉRATIVE DE SOLIDARITÉ DES MÉANDRES,Maryse Pas de commande avant Septembre 2020,Telephone,(418) 642-5667,,Beauce,3
Général,5266 LA MIE-JO INC.,,Telephone,(418) 387-5882,,Beauce,3
Général,5266 SERVI-EXPRESS,Jocelyn .,Phone,(418) 387-5882,,Beauce,3
Bonisoir Disraeli,Roxan 418-334-1636,Cell + Email,(581) 209-0010,,Beauce,3
Général,Boucherie Benoit Poulin,Jean-Francois Poulin,Telephone,(418) 338-4654,Info@boucheriepoulin.com,Beauce,3
2% Gestion,Charcuterie SCOTSTOWN,Pierre-Jean Désilets :) Hebdomadaire,Telephone,(819) 657-4955,charcuteriescotstown@gmail.com,Beauce,3
Général,DEPAMAX,elias (anglo) / Dany (franco),Telephone,(418) 387-2710,elias@danpher.ca,Beauce,3
Général,DEPANNEUR RIVIERE BLANCHE,Martine Boucher / Sylvain Gauthier,Pivohub / tel,(418) 338-3992,DEPANNEURRIVIEREBLANCHE@HOTMAIL.CA,Beauce,3
Général,IGA 575 Rodrigue et filles,Alex Bégin Cell: 418-957-5557,,(418) 228-2375,iga00575epicerie@sobeys.com,Beauce,3
Général,IGA MARCHE DESGAGNONS,Martin Gagnon,Courriel,(418) 449-4218,MARTIN@IGADISRAELI.COM,Beauce,3
Les Peres Nature,Francis Grondine .# 229 .,Pivohub / tel,(418) 227-4422,fromage.stg@gmail.com,Beauce,3
AA,MARCHE LAVALLEE,Louise .,Courriel,(819) 583-0617,marche.lavallee@axion.ca,Beauce,3
2% Gestion,METRO 2961 RICHELIEU INC.,Jean Belavare Commandera nos produits lorsque l'on aura des canettes,,(418) 625-6301,,Beauce,3
L'INTROUVABLE ( fût 20L),Anne Marie c. 418-266-7963 Cell seulement si sa répond pas au bar,Cell + Email,(418) 420-2776,info@introuvable.ca,Beauce,3,csp
Général,MUSI-CAFE (caisses et fût),Yannick Gagne,Telephone,(819) 583-4433,LEGARSDUCAFE@HOTMAIL.COM,Beauce,3,csp
DBSQ + AA,BIÈRE DEPOT «AU VENT DU NORD»ROCK FOREST(William),emile 819.943.1481,Telephone,(819) 933-3883,commandes-rf@bieresdepot.ca,Estrie,1
DBSQ,DEPANNEUR LE VENT DU NORD (WILLIAM),mathieu 819-993-9367 hugo,Courriel,(819) 569-9534,commandes.vdn@gmail.com,Estrie,1
DBSQ + AA,MARCHE DU VILLAGE,Maxime 450.204.6971,Telephone,(450) 293-6115,microbrasserie@marcheduvillage.com,Estrie,1
Général,HALTE FLEURIMONT,Mychael commande pour 5 magasin,Courriel,(819) 346-6353,HALTEFLEURIMONT@GROUPEPARE.CA,Estrie,2
Général,0514 IGA EXTRA CHAPDELAINE,Pierre app le vendredi,Telephone,(819) 564-8686,iga00514compt@sobeys.com,Estrie,3
9250-1055 QUEBEC INC,Peter MR WOO PARK,Courriel,(450) 297-3339,bwpark74@gmail.com,Estrie,3
Général,DEPANNEUR DUNANT,Anne Gérante,Courriel,(819) 820-0668,mtrgroupepare@hotmail.com,Estrie,3
DEPANNEUR LEMIEUX,DOMINIC PROTEAU,Cell + Email,(819) 569-3422,dom1980dom@hotmail.com,Estrie,3
Général,DEPANNEUR MENA'SEN,karine renovation retour pour lété,Courriel,(819) 566-1766,mtrgroupepare@hotmail.com,Estrie,3
Général,IGA BOUCHARD,Michel d'Amour,Courriel,(819) 566-8555,IGA00683BOUCHARD@SOBEYS.COM,Estrie,3
Général,IGA EXTRA 8569,Jonathan Vanier,Telephone,(819) 563-5172,iga08569epicerie@sobeys.com,Estrie,3
Général,IGA EXTRA COUTURE,William Couture c.819-570-5683,Courriel,(819) 566-8282,iga08016william.couture@sobeys.com,Estrie,3
2% GESTION + AA,IGA LAMBERT BROMONT,Jean philippe Apres 10h le vendredi,Telephone,(450) 534-3440,igabierebromont@gmail.com,Estrie,3
Général,IGA SUPERMARCHÉ GAZAILLE,Yannick .,Telephone,(819) 868-1122,IGA08259MAGOG@SOBEYS.COM,Estrie,3
Général,Intermarché St-Denis,Mylene Roy 819-571-2441,Email,(819) 846-4500,intermarchestdenis@gmail.com,Estrie,3
Général,La Place Water,Sylvain Paquette,Cell + Email,(819) 408-0909,epicerie@laplacewater.ca,Estrie,3
Général,LES GARS DE SAUCISSES,Bryce .,Telephone,(819) 826-6333,,Estrie,3
2% Gestion,Marché AMI,Bruno St-onge,Telephone,(819) 848-2311,,Estrie,3
Général,Marché de la Bay,Martin Daigle,Cell + Email,(819) 876-5568,influencemature@hotmail.com,Estrie,3
Général,MARCHE GENDREAULT,Yan,Telephone,(450) 296-4337,KIMGENDRO@HOTMAIL.COM,Estrie,3
Marche Plouffe Waterloo,Charles .,Pivohub / tel,(450) 539-2833,,Estrie,3
2% GESTION + AA,METRO 0400: METRO PLOUFFE MAGOG,Nancy,Courriel,(819) 843-9202,METRO400@METROPLOUFFE.CA,Estrie,3
2% Gestion,METRO 0613 : METRO SUPERMARCHE JCJ -,Andre Laplante / Dominic,Telephone,(819) 564-7733,metro613@metroplouffe.ca,Estrie,3
2% Gestion,METRO 1014 : METRO MARCHE VENISE,Karine (mois) / Pierre,Courriel,(450) 244-5562,marchevenise@hotmail.com,Estrie,3
2% Gestion,METRO 1152 : METRO PLOUFFE BROMONT,Ylani .,Courriel,450-534-5373,metro1152@metroplouffe.ca,Estrie,3
metro plouffe sherbrooke #644,Mathieu Pare texto : 438-406-4326,Cell Phone,() -,mpare@metroplouffe.ca,Estrie,3
Général,O'TABARNA,yan il tient plus nos produits ne pas appeler,Telephone,(819) 769-1995,YANN@OTABERNA.CA,Estrie,3
Général,PROVIGO LE MARCHE MAGOG,Pascal,PivoHub/Courriel,819-868-8630,smp8671g@provigo.ca,Estrie,3
Général,Provigo Liette Fauteux 8559,Maxime Beaudoin,Cell + Email,(819) 563-3313,smp8559g@provigo.ca,Estrie,3
Général,ARACHIDES DEPÔT SHERBROOKE,Aude Roy,Telephone,(819) 820-7774,SAM.BERTHELOT@WANADOO.FR,Estrie,4
Général,DEPANNEUR CHEZ BEN,Benoit Daigle,Courriel,(450) 295-2649,CHEZ_BEN@HOTMAIL.CA,Estrie,4
Général,IGA COUTURE EAST ANGUS,Jean-François Blais,Courriel,,IGA08028DIRECTION@SOBEYS.COM,Estrie,4
2% Gestion,METRO 2300 : BELVEDÈRE,Patrick champagne (lundi abs),Telephone,(819) 566-5596,MF022300OPR@METRO.CA,Estrie,4
2% Gestion,METRO 5936: METRO SUPER C BELVEDÈRE,Robert st pierre,Telephone,819-564-6014,MS005936OPR@METRO.CA,Estrie,4
Général,TRADITION MARCHE PATRY ET FILS AYER'S CLIFF,Eric gaetan (maladie),Telephone,(819) 838-4949,TRA08724AYERSCLIFF@SOBEYS.COM,Estrie,4
Général,COOP AU COEUR DU VILLAGE,STEPHANIE DAIGLE .,Telephone,(450) 539-0895,comptabilitecoopvillage@outlook.com,Estrie,5
Général,CVA,Sophie Vachon .#2 .,Telephone,(819) 791-4446,admin@cvaestrie.com,Estrie,5
Général,GARAGE JF GIROUX,MÉLISSA .,Telephone,(450) 292-0304,,Estrie,5
Général,IGA EXPRESS 5569,JENNY .,Courriel,(819) 566-2256,IGA05569SHERBROOKE@SOBEYS.COM,Estrie,5
2% Gestion,METRO 0124 : ALIMENTATION DPPLOUFFE,Jacques Bouthiller  #244 .,Telephone,(450) 293-3123,ADMMETROFARNHAM@METROPLOUFFE.CA,Estrie,5
2% Gestion,METRO 5925 : METRO SUPER C FLEURIMONT,Jean,Telephone,819-563-0110,MS025925OPR@METRO.CA,Estrie,5
2% Gestion,METRO 6127 : METRO SUPER C PORTLAND,Daniel Guertin,Telephone,819-564-0707,MS026127OPR@METRO.CA,Estrie,5
Général,PLACE DU GOLF,mychael anne marie,Courriel,(819) 822-3970,MTRGROUPEPARE@HOTMAIL.COM,Estrie,5
Général,RELAIS 214,Mychael commande pour 5 magasin,Courriel,(819) 580-8774,DEPRELAIS214@GROUPEPARE.CA,Estrie,5
Général,BAR KING HALL (FÛT) (William),Jo 819 919 4665,Courriel,(819) 822-4360,jorondo@cabrasse.ca,Estrie,1,csp
Général,BOQUEBIÈRE,CHARLES GAGNE,Courriel,(819) 588-2375,commande.boq@gmail.com,Estrie,3,csp
"Général,""CHARDO, RESTO ET BAR À VIN"",Benoit Hebert ,Courriel,(450) 919-1919,AMELIE@CHARDO.CA",,,,,,Estrie,3,csp
Général,HOP STATION,ÉTIENNE .,Courriel,(819) 993-4983,hopstationbrew@gmail.com,Estrie,3,csp
Général,KALYPSO (CSP),ALEXE .,Cell + Email,(819) 565-4148,ALEXE@RESTOKALYPSO.COM,Estrie,3,csp
RESTAURANT PINOCCHIO,Laurence,Cell + Email,(819) 868-8808,maximusio@hotmail.com,Estrie,4,csp
Marché Port Royal,Anthony .,Pivohub / tel,(819) 233-2331 ext 228,ma004041dm@metro.ca,Mauricie,2
AA,JACQUES CHAMARD ET FILS(William),Frederik,Courriel,(450) 581-0303,fredquesnel123@gmail.com,Mauricie,1
DBSQ + AA,LABARIK (William),Maxime .,Courriel,(819) 694-0324,labarik@bellnet.ca,Mauricie,1
AA,MARCHE TOIT ROUGE INC(Wiliam),Lucie,Telephone,(450) 581-3636,MARCHE_TOIT_ROUGE@HOTMAIL.COM,Mauricie,1
Général,ALIMENTATION LEMOYNE ET ANGERS (DEPANNEUR SONIC),Geneviève Charles Yves,Telephone,(819) 535-2947,ANGERS21@HOTMAIL.COM,Mauricie,2
Général,DEPANNEUR 5 ETOILES INC,Stephane,Courriel,(819) 378-5847,DEPANNEUR5ETOILES@GMAIL.COM,Mauricie,2
Général,DEPANNEUR HALTE 640 (91081349 QC INC),AM Carolanne Fournier / Monique Gauthier,Telephone,(450) 477-7026,MGAUTHIER@INVESTO.CA,Mauricie,2
Général,DEPANNEUR KILDARE,Louis-François,Telephone,(450) 756-6920,DESROCHERSLF@GMAIL.COM,Mauricie,2
Général,IGA EXTRA SHAWINIGAN,Tommy 819-989-1070,Telephone,(819) 536-4141,IGA08193EPICERIE@SOBEYS.COM,Mauricie,2
Général,LE COMPTOIR LOCAL (William),marc-étienne cell 514-574-4878,Pivohub / tel,(450) 755-5509,INFO@LECOMPTOIRLOCAL.QUEBEC,Mauricie,2
LE SHACK A BIERE INC.(William),JESSIE DIAMOND .,Cell + Email,(819) 539-4160,info@leshackabiere.com,Mauricie,2
AA,MARCHE DU BOISE 9282,Julie,Telephone,(819) 373-0254,JULIE@marcheduboise.com,Mauricie,2
Général,MARCHE ROBERT DESROCHERS INC,Simon Desrochers,Courriel,(450) 882-2332,SimonDesrochers5@gmail.com,Mauricie,2
Général,MARCHE TRADITION CROISIÈRE ST-PAULIN,TOMMY (CONGÉ MARDI) .,Telephone,(819) 268-2028,TRA08784STPAULIN@SOBEYS.COM,Mauricie,2
2% Gestion,METRO 198: METRO MARCHÉ BELAIR,DOMINIC DAUPHIN / YANNICK LÉPINE .,Cell + Email,450-759-8731,CBERNECHE@MARCHEBELAIR.COM,Mauricie,2
Général,ULTRAMAR NICOLET,Myriam,Telephone,(819) 293-2080,ULTRAMARNICOLET@SOGETEL.NET,Mauricie,2
Général,VISION VIDEO JEUX,Daniel Bouffard / Marie-Claude Michaud,Telephone,(819) 377-0549,D.BOUFFARD@HOTMAIL.COM,Mauricie,2
2% Gestion,5264 DEPANNEUR DE LOURDES 2019,M. Wang Zhi Gho .,Courriel,(819) 385-4236,XJ95123@GMAIL.COM,Mauricie,3
2% Gestion,5641 (METRO) LES DELICES DU CENTRE-VILLE INC.,Alexandre Dubois,Telephone,(819) 293-4751,,Mauricie,3
"2% Gestion,5723","STATION LE RENDEZ-VOUS INC.,simon après 13h,Telephone,(450) 752-3612,",,,,,,Mauricie,3
Général,ALIMENTS CD MILOT,Mathieu Milot,Courriel,(514) 518-1550,MILOTGESTION3M@HOTMAIL.COM,Mauricie,3
Général,Dans L' Frigo,Jean-Pierre Houde,Cell + Email,(819) 668-0088,danslfrigo@hotmail.com,Mauricie,3
Général,Depanneur Beausoir Petrosoir,Wesley Lin absent le mardi,,(819) 538-5855,wenbing79@gmail.com,Mauricie,3
Dépanneur Boisvert,Dominic 819-374-7065,Pivohub / tel,(819) 535-9137,depanneur.boisvert@cgocable.ca,Mauricie,3
Général,DEPANNEUR BONI-SOIR LAVALTRIE,KIM .,Courriel,(450) 935-0717,soniclavaltrie@groupemondor.com,Mauricie,3
Général,Dépanneur du carrefour,Marie-claude virginie,,(819) 373-2121,,Mauricie,3
Général,DEPANNEUR R EMERY & FILS,Jean-Phillipe / Jonathan,Telephone,(450) 883-6621,DEPEMERY@HOTMAIL.COM,Mauricie,3
Général,DEPANNEUR RELI,Alexandra:514-947-1167/ Simon Lagace: 514 371-3321 .,Telephone,(514) 371-3321,alex_pageau@hotmail.com,Mauricie,3
Général,Depanneur Roy et Dionne,Patrick Roy,Cell + Email,(819) 229-3450,royetdionne@live.ca,Mauricie,3
Général,DEPANNEUR SHELL ST-PAUL BONI-SOIR #2468,Karl payeur,Courriel,(450) 803-8198,karl.payeur@icloud.com,Mauricie,3
Général,Dépanneur Sonichoix,Erika Bucher,Telephone,(819) 377-5850,infodepsonichoix@sympatico.ca,Mauricie,3
2% Gestion,Depanneur St-Narcisse,Eric Dubreuil c.418-328-3178,Telephone,(418) 328-3178,petrot@infoteck.qc.ca,Mauricie,3
Général,DEPANNEUR VOISIN 2553-7374 QC IN,Nicolas / Linda,Courriel,(450) 756-4066,dv01437joliette@sobeys.com,Mauricie,3
Saisonnier,FERME REGIS,Linda (appeler si pas de courriel),Telephone,(450) 755-4905,commande@fermeregis.com,Mauricie,3
FROMAGERIE HAMEL,martine .,Pivohub / tel,(450) 654-3578,martine@fromageriehamel.com,Mauricie,3
FROMAGERIE ROY,Sophie Roy,PivoHub/Tel/Courriel,(450) 834-6316,fromagerieroy@outlook.com,Mauricie,3
Général,GESTION GERARD CRÊTE INC (DEPANNEUR BARKOFF).,,Telephone,(819) 373-4061,,Mauricie,3
Général,IGA 252 Alimentation Gauthier et frère(Grand-Mère),philippe .,Telephone,(819) 533-4553,desjardins2810@gmail.com,Mauricie,3
Général,IGA CREVIER DE L'ASSOMPTION,SABRINA .,Courriel,(450) 602-4664 CELL,iga08104direction2@sobeys.com,Mauricie,3
Général,IGA CREVIER TERREBONNE,Yves Fontaine / Richard Cardinal,Courriel,(450) 582-2271,IGA08601COMPTABILITE@SOBEYS.COM,Mauricie,3
Général,IGA EXTRA MARCHE PAQUETTE,Patrick,Courriel,(819) 379-2397,IGA08349TROISRIVIERES@SOBEYS.COM,Mauricie,3
IGA Extra Mascouche,Jonathan Lateigne (Gérant d'épicerie),Telephone,(450) 474-2444,iga08123mascouche@sobeys.com,Mauricie,3
Général,IGA Marche Raynald Giguere Inc.,Mathieu Corbeil absent mardi app lundi,,(819) 377-0867,iga08035compt@sobeys.com,Mauricie,3
Général,Iga Sainte-Melanie 08003,Ninon Coutu,Cell + Email,(450) 889-8363,iga08003comptabilite@sobeys.com,Mauricie,3
Général,IGA SHAWINIGAN 8340,Charles Boucher,Cell + Email,(819) 531-4815,desjardins2810@gmail.com,Mauricie,3
Général,IGA TERREBONNE 8387,Jacques Frenette absent mardi,Telephone,(450) 964-2050,,Mauricie,3
Général,Intermarché St-Roch-de-L'Achigan,Mario Lebrun,,(450) 588-2811,,Mauricie,3
Général,LA POUSSE-SANTE,Rene Lavoie (cell: 819-697-8959) RAPPELER LE 11 FÉVRIER,Telephone,(819) 228-8629,,Mauricie,3
Général,Le Marchand du Coin,Benoit Marchand,Cell + Email,(450) 944-1497,lemarchandducoin@gmail.com,Mauricie,3
Général,LES DEPANNEURS BONI SOIR REPENTIGNY,David veut IPA,Telephone,(450) 582-2116,lesentreprisesrenaud@hotmail.ca,Mauricie,3
Saisonnier,LES RECOLTES HERVIEUX INC,Alex Hervieux,Courriel,(450) 589-9554,LESRECOLTESHERVIEUX@GMAIL.COM,Mauricie,3
Général,MARCHAND GENERAL GAUDET,Francine Morin Veut lollipop (voir notes),Telephone,(450) 750-6943,MARCHANDGENERALGAUDET@HOTMAIL.COM,Mauricie,3
Général,MARCHE FAMILLE MONDOR,raphael jeffrey 514-966-0861,Cell Phone,(450) 836-3775,,Mauricie,3
Général,Marché Gourmet Grignotard,Martin app au mois,Cell + Email,(819) 372-4848 poste 4,martin.legourmet@outlook.com,Mauricie,3
MAXI JEAN 23,STEPHANE VALLÉ OFF MARDI 819-378-8759,Telephone,(450) 578-3349,max8996d@provigo.ca,Mauricie,3
2% Gestion,METRO 0620: METRO FOURNIER,Pascal .,Courriel,(819) 376-3028,epicerie@metrofournier.ca,Mauricie,3
2% Gestion,METRO 0880 :PLUS FOGARTY CHARLEMAGNE (William),Alain Dusseault (abs lundi) / Stephane,Telephone,(450) 581-6611,MA000880ADM@METRO.CA,Mauricie,3
2% Gestion,METRO 1189: METRO PLUS MARQUIS,Kevin cell: 514-973-1445,Pivohub / tel,(450) 589-0442,METRO.MARQUIS.LASSOMPTION@OUTLOOK.COM,Mauricie,3
2% Gestion,METRO 20224 : METRO MARCHE ST-GABRIEL,Samuel Sevigny a visiter absolument,Telephone,(450) 835-4794,STGABRIEL20224ADM@GMAIL.COM,Mauricie,3
2% Gestion,METRO 215 : METRO MARQUIS REPENTIGNY,Audrey,Cell + Email,(450) 585-1445,MARCHE.MARQUIS@QC.AIRA.COM,Mauricie,3
2% Gestion,METRO 22334 : ALI JACQUES LECLERC 2003 INC,Sylvain,Telephone,(450) 471-3353,MF022334OPR@METRO.CA,Mauricie,3
2% Gestion,METRO 22899 : METRO PLUS SHAWINIGAN-SUD,Maxime 819-698-6233,Telephone,(819) 537-3724,ma004128opr@metro.ca,Mauricie,3
2% Gestion,METRO 2376: METRO PLUS EPIPHANIE,Stephane .,Telephone,(450) 588-2501,MF022376OPR@METRO.CA,Mauricie,3
2% Gestion,METRO 2533: ALIMENTATION BENOÎT ROBERT INC.,Sylvain,Telephone,(819) 373-5166,MF022533OPR@METRO.CA,Mauricie,3
2% Gestion,METRO 2539 : METRO PLUSJEAN-XXIII,donald 819-383-6764,Telephone,(819) 374-2277,donaldsavard@icloud.com,Mauricie,3
2% Gestion,METRO 4565: METRO DEPANNEUR GODEFROY,Marilou,Courriel,(819) 233-3838,depanneurgodefroy@hotmail.com,Mauricie,3
2% Gestion,METRO 5954,MARTIN .,Cell + Email,(450) 752-0088,,Mauricie,3
Général,PLACE LE MARCHAND,Jonathan Samson,Courriel,(819) 840-9250,JONATHAN.SAMSON@PLACELEMARCHAND.COM,Mauricie,3
Général,Salaison Limoges Extra,Annie absente mardi 438-397-1963 cell,Telephone,(450) 471-4470,a.sdirectionextra@hotmail.com,Mauricie,3
Général,SAVEURS UNIES TERREBONNE,CHANTAL HÉROUX (modérer les spécialités) .,Courriel,(514) 706-6570,saveursunies@hotmail.com,Mauricie,3
Général,Supermarché crevier Joliette,Chantal poste 20,Telephone,(450) 759-2554,iga08107comptabilite@sobeys.com,Mauricie,3
Général,SUPERMARCHE IGA CREVIER REPENTIGNY 8100,benoit .,Pivohub / tel,(450) 582-0200,IGA08100REPENTIGNY@SOBEYS.COM,Mauricie,3
Général,TABAGIE ST-FELIX,Laurianne / Richard reprendre Lesseps,Telephone,(450) 889-2922,TABAGIEST-FELIX@HOTMAIL.COM,Mauricie,3
Général,ARACHIDES DEPÔT TROIS-RIVIÈRES,MARTINE 819-379-9051,Telephone,819-370-3740,ARACHIDESDEPOTTR@OUTLOOK.COM,Mauricie,4
Général,FRAÎCHEURS DU MARCHE,Jimmy / Lea,Courriel,(450) 589-4466,FRAICHEURSDUMARCHE@GMAIL.COM,Mauricie,4
Général,IGA CREVIER VALMONT,lise off mardi,Courriel,(450) 657-5082,IGA08508DIRECTION@SOBEYS.COM,Mauricie,4
Général,IGA DES CHENAUX,Philippe Lemay,Courriel,(819) 840-3300,iga08319epicerie@sobeys.com,Mauricie,4
Général,IGA EXTRA CAP DE LA MADELEINE,Stephane Tellier conge mardi / eric #9 .,Telephone,(819) 376-1551,IGA00442DIRECTION2@SOBEYS.COM,Mauricie,4
Général,IGA EXTRA CREVIER NOTRE-DAME(change d`entité 09 mars),eric Hauptman,Telephone,(450) 654-0921,iga08099hautedirection@sobeys.com,Mauricie,4
Général,MARCHE DES FORGES,Maxime,Phone,(819) 668-1110,max.lavoie@hotmail.com,Mauricie,4
Général,MARCHE PHILIPPE PAQUIN,Philippe( 381.11),Telephone,(450) 756-8221,philpaquin@hotmail.fr,Mauricie,4
Général,MARCHE TRADITION CROISETIÈRE ST-BARTHELEMY,Tommy (cong. mardi) .,Courriel,(450) 885-3585,TRA00755MARCHECROISETIERE@SOBEYS.COM,Mauricie,4
2% Gestion,METRO 1848 : METRO EMERY,Guy Gagnon (abs mar),Telephone,(819) 228-2764,MA001848OPR@METRO.CA,Mauricie,4
2% Gestion,METRO 3237 : METRO MANOIR DE L'ALIMENTATION,Fred,Telephone,(819) 539-2609,DMCORRIVEAU@HOTMAIL.COM,Mauricie,4
2% Gestion,METRO 4041 : METRO MARCHE PORT ROYAL,ANTHONY .,,(819) 233-2331,MA004041ADM@METRO.CA,Mauricie,4
Général,SUPERMARCHE IGA CREVIER LAVALTRIE 8326,Jean-Claude (abs mardi),Telephone,(450) 586-0115,IGA08326COMPTABILITE@SOBEYS.COM,Mauricie,4
5 - Déclassé,,,,,,Mauricie,4
Classification,Name,Contact,Communication Preference,Phone,Invoice Email,Mauricie,4
Général,DEPANNEUR BEAUSOIR- GROUPE QUINTAL,Guy BlackBUrn (avant midi) CANETTES SEULEMENT,Telephone,(819) 375-5625,guy@groupequintal.com,Mauricie,4
2% Gestion,DEPANNEUR RAPIDO ST-CHARLES BORROMEE,Sandy cell: 450 916-5234,Telephone,(450) 916-5234,DEPRAPIDO@HOTMAIL.COM,Mauricie,4
Général,DEPANNEUR STE-MARTHE DU CAP,Mikael / Frederic,Courriel,(819) 386-1083,DEPSTEMARTHE@GESTION-GS.COM,Mauricie,4
Général,MARCHE LEMAY (TRADITION),Olivier Lemay,Telephone,(819) 268-8992,TRA08730STALEXIS@SOBEYS.COM,Mauricie,4
2% Gestion,METRO SUPER C REPENTIGNY,Alexandre,Telephone,450-581-3072,,Mauricie,4
Général,SONIC LANORAIE,Noemie 8h a 13h,Courriel,(450) 887-1070,,Mauricie,4
Général,SUPERMARCHE CREVIER IBERVILLE,alain bourdeau abs lun martin remplace alain (en arret),Telephone,(450) 654-0105,IGA00525COMPTABILITE@SOBEYS.COM,Mauricie,4
Général,Bar ST-PATRICK (FÛT+CSP),Mathieu Lebel,Courriel,(438) 399-6149,sylviestpierre@hotmail.com,Mauricie,2,csp
Général,RESTAURANT L'ATRE (FÛT+CSP)(William),JULIEN .,Cell + Email,(450) 394-3003,julie@latrebistrotraiteur.com,Mauricie,2,csp
Général,LE MELKIOR (FÛT),Samuel 438-874-4623,Telephone,(450) 541-5111,lemelkior@hotmail.com,Mauricie,3,csp
Général,MAÎTRE EDGAR (Ange Cornu)(FÛT),Daniel,Courriel,(514) 562-5635,bistroangecornu@gmail.com,Mauricie,3,csp
Général,BIÈRES ET CIE - TERREBONNE,Dérek .,Telephone,(514) 519-1132 CELL,bieresetcompagnie.terrebonne@videotron.ca,Mauricie,4,csp
Général,BISTRO CAFE COGNAC INC,Chantal/Dominique,Courriel,(819) 378-3476,SOLAZG8@GMAIL.COM,Mauricie,4,csp
Général,CAFE NORD OUEST (CSP),Isabelle,Courriel,(819) 693-1151,CAFE.NORD.OUEST@GMAIL.COM,Mauricie,4,csp
Général,LE TEMPS D'UNE PINTE (CSP),Sebastien,Courriel,(819) 694-4484,gerant@ltdp.ca,Mauricie,4,csp
Microbrasserie,Microbrasserie la flûte a bec (FÛT),Stephanie Tremblay,Courriel,(819) 698-6889,stephanie@lafluteabec.com,Mauricie,4,csp
DBSQ + AA,DEPANNEUR PELUSO,pierre-luc .,Courriel,(514) 525-1203,depanneurpeluso@GMAIL.COM,Montréal Hebdo,1
DBSQ + AA,LE BIEROLOGUE,stephanie gobeil,Cell + Email,(514) 792-9083  cell,info@lebierologue.com,Montréal Hebdo,1
DBSQ + AA,PELUSO BEAUBIEN,Miche Villeneuve,Courriel,(514) 379-1343,pelusobeaubien@gmail.com,Montréal Hebdo,1
DBSQ,EXPERIENCE BIÈRE,Olivier co proprio,Courriel,(514) 712-2437,experiencegestion@gmail.com,Montréal Hebdo,2
DBSQ + AA,LE PARTI BIÈRE,Marc-Andre D'Auteuil,Courriel,(514) 379-6099,DAUTEUIL@LEPARTIBIERE.COM,Montréal Hebdo,2
AA,MAISON DES BIÈRES ET PLUS,Marc-Antoine,Courriel,(514) 564-3100,LAMAISONDESBIERES@YAHOO.CA,Montréal Hebdo,2
AA,MARCHE STATION 54,David-Samuel,Telephone,(514) 508-8830,PCHOIK@MSN.COM,Montréal Hebdo,2
Général,Depanneur Mimjim,Kai .,Telephone,(514) 303-8750,lkzhao@hotmail.com,Montréal Hebdo,3
Général,TINA PLUS,,Telephone,(514) 521-6060,xuhuan_liu@hotmail.com,Montréal Hebdo,3
DBSQ,VEUX TU UNE BIÈRE?,Gabriel / Philippe,Courriel,(514) 871-2771,veuxtuunebiere@gmail.com,Montréal Hebdo,3
DBSQ,VEUX TU UNE BIÈRE? SAINT-LAURENT,Patrice,Courriel,(514) 871-2663,veuxtuunebiere@gmail.com,Montréal Hebdo,3
DBSQ,VEUX TU UNE BIÈRE? ST-ZOTIQUE,Julien / Patrice,Courriel,(514) 871-2661,VEUXTUUNEBIERE@GMAIL.COM,Montréal Hebdo,3
Pit Caribou,PUB PIT CARIBOU MONTREAL,Francis Melançon,Courriel,,PUBPITCARIBOUMTL@GMAIL.COM,Montréal Hebdo,1,csp
Général,BROUE PUB BROUHAHA (FÛT),Philippe,Courriel,(514) 271-7571,philippe.labrie@gmail.com,Montréal Hebdo,2,csp
9358-2641 QC INC,Youri Bussieres,Cell + Email,(514) 543-4255,vin@helicopteremtl.com,Montréal Hebdo,3,csp
DBSQ + AA,BOUCHERIE AAA (Glacière de l'est),Pier-Luc / Philippe,Courriel,(514) 493-0759,Boucherieaaa@gmail.com;,MTL Est 1,1
DBSQ + AA,LE FRIGO DE BACCHUS,Phil,Courriel,(438) 383-7446,lefrigodebacchus@gmail.com;,MTL Est 1,1
DBSQ,LE FRIGO DES DIEUX,Phil,Courriel,(438) 383-7446,lefrigocommande@gmail.com;,MTL Est 1,1
Général,BOUCHERIE BEAUBIEN INC (2000),Daniel,Courriel,(514) 527-0221,daniel.malo@hotmail.ca;,MTL Est 1,2
Général,IGA EST CHARTRAND,M. Chartrandiga00151epicerie@sobeys.com,Courriel,(514) 279-3138,iga00151montreal@sobeys.com;,MTL Est 1,2
Général,INTER MARCHE BOYER,Jason,Telephone,(514) 598-5946,GERANTS.BOYER@HOTMAIL.COM;,MTL Est 1,2
Général,LA FROMAGERIE HAMEL,Laurence,Telephone,(514) 355-6657,LAURENCE@FROMAGERIEHAMEL.COM;,MTL Est 1,2
Général,LA POMME D'API,Geneviève,Courriel,(514) 727-1437,INFO@LAPOMMEDAPI.CA;,MTL Est 1,2
Général,LES ENTREPRISES OUELLET ET RAYMOND,Maxime,Telephone,(514) 526-6996,denisrichelieu1056@gmail.com;,MTL Est 1,2
Général,WILLIAM J WALTER (SAUCISSIER HOCHELAGA),Benjamin,Courriel,(514) 523-5444,WJWHOCHELAGA@GMAIL.COM;,MTL Est 1,2
2% Gestion,(2478) 9408-6477 QUÉBEC INC.,David Descoteaux,Telephone,(514) 385-1760,;,MTL Est 1,3
2% Gestion,(2489)  METRO 9405-2123 QUEBEC INC.(alimentation hugo desbiens),Pierre-Olivier .,,(514) 254-0126,;,MTL Est 1,3
2% Gestion,5321 MARCHE DIAZ INC.,,Telephone,(514) 543-9111,;,MTL Est 1,3
Alimentation Poivre et Sel,,Pivohub / tel,(514) 722-8600,info@alimentationpoivretsel.com;,MTL Est 1,3
DEPANNEUR  POPULAIRE(POP 600),Richard Guo (anglo),Cell + Email,(514) 462-4800 cell,RICHARDGUO_MTL@YAHOO.CA;,MTL Est 1,3
Général,DEPANNEUR DE LA PISTE,Yvon,Courriel,(514) 642-5585,YVONGIR14@HOTMAIL.COM;,MTL Est 1,3
Général,DEPANNEUR FUQUAN,Marie,Telephone,(514) 522-4280,HAPPY-MAN-888@HOTMAIL.COM;,MTL Est 1,3
Général,DEPANNEUR MONT ROYAL,Yan,Courriel,(514) 522-1122,DEPANNEURROYAL@GMAIL.COM;,MTL Est 1,3
Depanneur Royal,,Pivohub / tel,,depanneurroyal@gmail.com;,MTL Est 1,3
Général,Iga extra Langelier #259,Martin Lehouiller,Phone,(514) 254-5454,iga00259direction@sobeys.com;,MTL Est 1,3
Général,LE MARCHE DE LA TERRE,Philippe Gaston,Courriel,(514) 374-8234,MDLT@VIDEOTRON.CA;,MTL Est 1,3
Marché 3 Piliers,,Courriel,(514) 705-2648,commandes@3piliers.ca;,MTL Est 1,3
Général,Marche 7 jours,Imad Abdallah,Telephone,(514) 721-4989,;,MTL Est 1,3
2% Gestion,MARCHÉ ST-JACQUES 26141,SEBASTIEN PONTON .,Cell + Email,(514) 524-4111,;,MTL Est 1,3
Général,MARCHE TELLIER BEAUBIEN INC,Mathieu .,Telephone,(514) 259-8281,IGA00677DIRECTION@SOBEYS.COM;,MTL Est 1,3
Général,MARCHE TELLIER JEAN-TALON INC,Raymond Girard,Telephone,(514) 728-3535,IGA00669DIRECTION@SOBEYS.COM;,MTL Est 1,3
2% Gestion,METRO 20102: METRO SUPERMARCHE ANJOU,Sylvain lecavalier app vendredi cell: 514-774-5244,Telephone,(514) 352-5447,gerant20102@groupemessier.com;,MTL Est 1,3
2% Gestion,METRO 2387 : ALIM PATRICK BOISCLAIR,MAXIME DION .,Telephone,(514) 725-9321,;,MTL Est 1,3
2% Gestion,Metro 2447 ERIC DULED,Alexandre,Telephone,(514) 640-5167,MF022307OPR@METRO.CA;,MTL Est 1,3
2% Gestion,METRO 2448 : ALIMENTATION SYLVAIN DAIGLE,Marc-Olivier (av.14h),Telephone,(514) 259-8403,MF022448OPR@METRO.CA;,MTL Est 1,3
2% Gestion,METRO 2461 : (9331-5888 QC INC),DAREN .,Telephone,(514) 524-8850,MF022461OPR@METRO.CA;,MTL Est 1,3
Général,METRO BEAULIEU MONT-ROYAL,,Telephone,(514) 522-5146,gricard@metrobeaulieu.ca;,MTL Est 1,3
2% Gestion,METRO RICHELIEU INC.25963,Mathieu Audet,Telephone,(514) 642-2269,MS025963ADM@METRO.CA;,MTL Est 1,3
2% Gestion,Metro St-Joseph 0421,Jean-François Daneau - poste 42147,Cell + Email,(514) 254-6689,gerepic0421@groupemessier.com;,MTL Est 1,3
ORLEANS EXPRESS,STEPHANIE BESNER,Pivohub / tel,(514) 806-0738,;,MTL Est 1,3
Général,TABAGIE VARIETERANGER,Judy .,Courriel,(514) 507-9798,judy03mont@yahoo.com;,MTL Est 1,3
Général,WJW MONT-ROYAL,Dominique ou Benjamin,Courriel,(514) 528-1901,wjwmontroyal@gmail.com;,MTL Est 1,3
2% Gestion,METRO 5975 : METRO SUPER C PIE IX,Mustafa off lundi,,(514) 521-6799,MS005975ADM@METRO.CA;,MTL Est 1,5
Général,LE ELSDALE CAFE & BUVETTE,Joël,Courriel,(514) 725-9769,resto@elsdale.cafe;,MTL Est 1,2,csp
Bernard et fils Traiteur,Julie Marie,,(514) 525-4930,info@bernard-traiteur.com;,MTL Est 1,3,csp
Général,Binerie Mont-Royal,Philippe .,Telephone,(514) 285-9078,jpbrunetcan@gmail.com;,MTL Est 1,3,csp
Général,BROUEHAHA PAPINEAU,ERIC .,Courriel,(438) 380-5563,ERIC.BROUHAHA.AHUNTSIC@GMAIL.COM;,MTL Est 1,3,csp
Général,Gaspesie Bistro Gourmand,Sylvain Pelletier Cell: 514-238-0268,Cell Phone,(514) 238-0268,pa.doiron@horizonocean.com;sylvainpelletier40@gmail.com,MTL Est 1,3,csp
Général,LE TRÈFLE,,Courriel,(438) 386-3737,karine@letemple.ca;,MTL Est 1,3,csp
Général,RANDOLPH PUB LUDIQUE ROSEMNONT,Daniel,Courriel,(438) 387-4001,rosemont.service@randolph.ca;,MTL Est 1,3,csp
Général,YISST,Catherine Archambault,Courriel,(514) 439-0992,INFO@YISST.COM;,MTL Est 1,3,csp
Événementiel,HORIZON ET OCEAN,Pierre-Andree / JS / Martin,Telephone,,PA.DOIRON@HORIZONOCEAN.COM;,MTL Est 1,4,csp
2% GESTION + AA,METRO 1290: METRO LAURIER,emile (pas lundi ap. 13h) c. 514-839-5491,Telephone,(514) 524-8788,trousseau@metrobeaulieu.ca,MTL Est 2,1
AA,ILS EN FUMENT DU BON INC,Vincent Autre: (514) 286-1286,Courriel,(514) 758-0123,boutique@ilsenfumentdubon.com,MTL Est 2,2
AA,WILLIAM J WALTER - FLEURY,Dominic,Courriel,(514) 383-2999,boiregrand@gmail.com,MTL Est 2,2
2% Gestion,2446 ALIMENTATION MATHIEU RAINVILLE INC.,stephane simard,Telephone,(514) 354-0282,,MTL Est 2,3
Général,BIÈROTHÈQUE,Dominique (11 am) Attention Paiement,Telephone,(514) 360-4278,BIEROTHEQUE@GMAIL.COM,MTL Est 2,3
Boutique Hellvis et candyshop,Elvis Johnson 514-251-9955,Cell + Email,(438) 877-0022,elvisincj@hotmail.com,MTL Est 2,3
Général,DEPANNEUR DE L'EST,Louis,Telephone,(514) 273-8174,depanneurest@gmail.com,MTL Est 2,3
Général,DEPANNEUR EXPRESS FLEURY,Jun Li,Courriel,(514) 387-2073,johnny.lijun0518@gmail.com,MTL Est 2,3
DEPANNEUR KAHERA,MICHAEL .,Pivohub / tel,(514) 927-3081,lekahera@outlook.com,MTL Est 2,3
Général,DEPANNEUR LANA,BASSAM HAMIEH .,Telephone,(514) 298-0958,BRAMIEH@HOTMAIL.COM,MTL Est 2,3
AA,DEPANNEUR SIMON ANTHONY,Leon / Serkis,Telephone,(514) 272-3632,DEP.SIMONANTHONY@HOTMAIL.COM,MTL Est 2,3
Général,EPICERIE DU COIN,TONY .,Telephone,(514) 525-1881,DIABLOANTONY@MSN.COM,MTL Est 2,3
Général,IGA 8044 extra Famille Godin  Alimentation Pointe-aux-Trembles,Robert .,Telephone,(514) 498-2220,iga08044hautedirection@sobeys.com,MTL Est 2,3
Général,IGA MARCHE BARCELO INC,Charles Boucher,Courriel,(514) 270-9440,IGA00454MONTREAL@SOBEYS.COM,MTL Est 2,3
Général,IGA MARCHE DEZIEL 00569,maxime poser après 13h,Telephone,(514) 725-9323,IGA00569MARCHEDEZIEL@SOBEYS.COM,MTL Est 2,3
Général,IGA MILLEN 8383,Michael Martel,Courriel,(438) 382-9963,iga08383hautedirection@sobeys.com,MTL Est 2,3
Général,MAGASIN GENERAL DE CASTELNAU,Stéphane app quand on va avoir des cans,Telephone,(514) 502-9787,info@mgdecastelnau.com,MTL Est 2,3
Général,MARCHE BARCELO INC (TRADITION/SOBEYS),Charles Boucher,Courriel,(514) 277-9516,TRA08721MARCHEBARCELO@SOBEYS.COM,MTL Est 2,3
2% Gestion,Marché Royal,Peter Loupessis cell514-582-6982,Cell + Email,(514) 276-6982,marcheroyalplus@msn.com,MTL Est 2,3
Général,METRO 0332 : ANDRE-GRASSET,LUC 514-743-0619 app aux 2 semaines,Courriel,(514) 382-1465,,MTL Est 2,3
2% Gestion,METRO 1082 : MARCHÉ BIGRAS,Yoan AM,Telephone,(514) 523-5882,ma001082opr@metro.ca,MTL Est 2,3
2% Gestion,METRO 2154: METRO MARCANIO -,Jason Cianci veut la can et non la btl,Telephone,(514) 729-1866,MA002154ADM@METRO.CA,MTL Est 2,3
Général,METRO 22466 : ALIMENTATION DANIEL HOULE,Daniel Bergeron,Telephone,(514) 525-5090,mf022466opr@metro.ca,MTL Est 2,3
METRO 2440 : ALIMENTATION PATRICK LEMAY,DAVID,Telephone,(514) 385-1760,mf022440opr@metro.ca,MTL Est 2,3
2% Gestion,METRO 5920,Marc .,Cell + Email,(514) 323-4370,,MTL Est 2,3
Général,PROVIGO GUILLAUME CHARTRAND,Guillaume Chartrand,Pivohub / tel,(514) 381-1301,SMP8193D@PROVIGO.CA,MTL Est 2,3
Général,Provi-soir,William .,,(514) 975-7145,,MTL Est 2,3
Général,DEPANNEUR EQUIVALAND,M. Li,Courriel,(514) 273-2143,LIHUANGRR@YAHOO.COM,MTL Est 2,4
Général,LA VIE EN VERT,Harry .,Telephone,(514) 722-2200,marchevieenvert@gmail.com,MTL Est 2,5
Général,Bier Markt.,Ian McLeod,Courriel,(514) 864-7575,exploitation.montreal@recipeunlimited.com,MTL Est 2,1,csp
Général,ISLE DE GARDE,Michael Courriel only,Courriel,(514) 268-0301,simon@isledegarde.com,MTL Est 2,1,csp
Général,BILY KUN,Alexandre,Courriel,(514) 506-5206,INFO@BILYKUN.COM,MTL Est 2,3,csp
Général,ETOH BRASSERIE,Mireille,Courriel,(514) 508-9894,francoisbelanger@etohbrasserie.com,MTL Est 2,3,csp
Général,LE SAINT-BOCK,Julien .,Courriel,(438) 402-1557,info@saintbock.com,MTL Est 2,3,csp
Général,LE ZOTIQUE,Dino 514-770-3466,,(514) 903-5899,dinor97@hotmail.com,MTL Est 2,3,csp
Général,PUB ILE NOIRE,Simon-Pierre Lepage Apres 10:30 et avant 15h,Telephone,(514) 982-0866,ILE.NOIRE@QC.AIRA.COM,MTL Est 2,3,csp
Général,Z Biztro,M. Bhoobun,Courriel,(514) 404-6657,BHOOBUN.R@VIDEOTRON.CA,MTL Est 2,3,csp
DBSQ,MALTEHOPS,Patrick,Courriel,(514) 903-2337,maltehops1671@gmail.com;,MTL Ouest,1
Général,BOUTIQUE CHEERS,CATHERINE ROUX .,Courriel,(514) 516-6014,catherine@boutiquecheers.com;,MTL Ouest,2
Général,COMPTOIR STE-CECILE,Adèle,Courriel,(514) 271-9888,COMPTOIRSAINTECECILE@GMAIL.COM;,MTL Ouest,2
AA,DEPANNEUR AS VIDEO,Annie Pas gros volume,Telephone,(514) 277-4645,asbieresduquebec@gmail.com;,MTL Ouest,2
AA,DEPANNEUR BRISSON,Dominic / Karine,Courriel,(450) 371-2352,DEPANNEURBRISSON@HOTMAIL.COM;,MTL Ouest,2
DBSQ + AA,EPICERIE PRETTE,Alain / Maude,Telephone,(514) 695-7888,alain.anader@gmail.com;,MTL Ouest,2
Espace houblon Fleury,Francis .,Courriel,(514) 439-2332,INFO@ESPACEHOUBLON.CA;,MTL Ouest,2
Général,FROMAGERIE ATWATER,Hamid c. 514-951-0163,Courriel,(514) 932-9731,LAKROUTHAMID@HOTMAIL.COM;,MTL Ouest,2
Général,IGA MARCHE FAMILLE GADOUA,Claude Gadoua 514-889-4049,Cell Phone,(450) 429-4656,IGA08293C.gadoua@SOBEYS.COM;,MTL Ouest,2
AA,Le decapsuleur,Marc-Antoine Laplante,Telephone,(514) 545-4220,commande@decapsuleur.ca;,MTL Ouest,2
Général,LE GOBELET,Jinfa Zhou (anglo),Courriel,(450) 455-1667,legobelet78@gmail.com;,MTL Ouest,2
DBSQ + AA,L'EPICERIE LA CONSIGNE,Guillaume,Courriel,(514) 445-2966,info@laconsigne.ca;,MTL Ouest,2
Général,PROVIGO ERIC BOIVIN (liege 8172),eric Boivin,Courriel,(514) 384-5101,SMp8172D@PROVIGO.CA;,MTL Ouest,2
Général,SUPER MARCHE RAHMAN,M. Rahman (Anglo) (ap. 15h),Telephone,(514) 279-2566,SKMOSHIQUR@HOTMAIL.COM;,MTL Ouest,2
2% Gestion,21305 (METRO)COOPÉRATIVE DE SOLIDARITÉ DE BELLEVUE,Francois .,Courriel,(514) 457-5731,gerant@coopbellevue.com;,MTL Ouest,3
2% Gestion,2430 (METRO) Alimentation Marie-Josée Bernard inc.,Mathieu Durivage,Telephone,(514) 300-8905,mf022430mgr@metro.ca;,MTL Ouest,3
2% Gestion,2436 ALIMENTATION DANIEL CREVIER INC.,PETER .,Telephone,(514) 737-3511,;,MTL Ouest,3
2% Gestion,2455 ALIMENTATION GIOVANNI RUSSO (2004) INC.,Santa santa,Cell Phone,(514) 695-5811,;,MTL Ouest,3
2% Gestion,5941 VAUDREUIL,Sébastien ABSENT MARDI,Telephone,(450) 455-6222,;,MTL Ouest,3
2% Gestion,6814 AMI (DEPANNEUR GRENIER),martin il tient pas nos produits,Telephone,(450) 269-2505,;,MTL Ouest,3
Général,COMPTOIR GOURMAND DELISSIMO (WJW),Linda,Courriel,(450) 921-2321,DELISSIMO-WJW@HOTMAIL.FR;,MTL Ouest,3
Général,DEPANNEUR AU COIN DULUTH,Yan . anglo,Telephone,(514) 288-8830,AUCOINDULUTH1@YAHOO.FR;,MTL Ouest,3
Dépanneur Baktar Attila,Parviz Azizi,Cell + Email,(450) 373-0606,cheminlarocque526@gmail.com;,MTL Ouest,3
Général,Depanneur Card's,Dany Cardinal,Cell Phone,(450) 373-4313,depanneurcards@hotmail.ca;,MTL Ouest,3
Général,DEPANNEUR CHEZ CLAUDE ET CLAUDETTE,ROBERT .,Telephone,(514) 933-0833,robertkim00@gmail.com;,MTL Ouest,3
Général,DEPANNEUR LECLERC DE LUNE,élie .,Courriel,(514) 279-6498,ELIETANAL@HOTMAIL.COM;,MTL Ouest,3
Général,DEPANNEUR PARISOIR,Gilbert / Malouf Specialité mais aucun volume,Cell + Email,(514) 747-3574,gilbertocanada@hotmail.com;,MTL Ouest,3
Général,DEPANNEUR VILLENEUVE,Vicky,Courriel,(514) 834-8002,depa5142786774@gmail.com;,MTL Ouest,3
EPICERIE DEPANNEUR VIDEO,CLAUDE/TI-BI .,Telephone,450-452-2729,DEPANNEUR.VIDEO@VIDEOTRON.CA;,MTL Ouest,3
Général,ÉPICERIE MODERNE,SOPHIE RICHARD (514.569.0062) .,Courriel,(438) 386-1668,COBRAGIRL.01@GMAIL.COM;,MTL Ouest,3
IGA 8253 Marché Atwater,Thierry Fournier ou Guy,,(514) 933-0995,iga08253westmount@sobeys.com;,MTL Ouest,3
IGA 8378 Extra Vincent,Claude c. 450-921-1958,Cell + Email,(450) 373-0251,claude_vincent@cgocable.ca;,MTL Ouest,3
IGA EXTRA FAMILLE LALONDE,Enrico Lalonde,PivoHub/Tel/Courriel,(514) 685-5252,iga00517compt@sobeys.com;,MTL Ouest,3
Général,IGA EXTRA FAMILLE VIAU (8248),Mike Deschambeault c. 450-802-8184,Courriel,(450) 455-1230,mike@microtournee.com;,MTL Ouest,3
IGA EXTRA ST-HENRY,PATRICK VERREAULT,Pivohub / tel,(514) 566-4221,iga08063hautedirection@sobeys.com;,MTL Ouest,3
Général,IGA Famille Drolet et Paquette,bobby rochefort,Courriel,(450) 267-8177 poste636,iga08029coteaudulac@sobeys.com;,MTL Ouest,3
Général,IGA FAMILLE DUCHEMIN,Lucie Racine Daniel Duchemin,Telephone,(514) 336-8085,IGA08547SAINTLAURENT@SOBEYS.COM;,MTL Ouest,3
Général,IGA LACHINE-8316,François Nantel,Courriel,(514) 634-0124,IGA08316MARCHEJEV@SOBEYS.COM;,MTL Ouest,3
Général,IGA SUPERMARCHE DON QUICHOTTE,Simon,Courriel,(514) 453-3027,IGA00282HAUTEDIRECTION@SOBEYS.COM;,MTL Ouest,3
Général,MARCHE DE L'ALIMENTATION IGA CHAMPAGNE,Michael,Telephone,(514) 889-5593,iga08303verdun@sobeys.com;,MTL Ouest,3
Général,MARCHE G LALIME,Max Lalime (am),Telephone,(514) 273-4477,D.LALIME@HOTMAIL.CA;,MTL Ouest,3
2% Gestion,METRO 0455: METRO FORDHAM,shirley-anne poste 630 cell 450-567-2820,Telephone,(450) 267-3343,shirley@metrofordham.com;,MTL Ouest,3
2% Gestion,METRO 22368 : ALIMENTATION ERIC DA-PONTE,Rene Temps d'attente très long,Telephone,(514) 738-7377,MF022368OPR@METRO.CA;,MTL Ouest,3
2% Gestion,METRO 22399 : ALI FIORELLO VELLUCCI ( westmount ),Denis Cyr (midi),Telephone,(514) 488-4083,MF022399OPR@METRO.CA;,MTL Ouest,3
2% Gestion,METRO 2288 : METRO VAUDREUIL,Christine cell:514-515-1775,Telephone,(450) 424-6516,MF022288OPR@METRO.CA;,MTL Ouest,3
2% Gestion,METRO 2289 : METRO LES 5 SAISONS,Jean Jamais mercredi,Courriel,(514) 276-1244,MF022289OPR@METRO.CA;,MTL Ouest,3
2% Gestion,METRO 2330 : ALIMENTATION GUY LEVAC INC,Daniel (je lui ai dis ce qui a de besoin :),Telephone,(450) 370-1444,MF022330OPR@METRO.CA;,MTL Ouest,3
2% Gestion,METRO 2391 : ALIMENTATION D COUTU (1996) INC,Daniel Robichaud apres 14h,Telephone,(514) 697-6520,MF022391OPR@METRO.CA;,MTL Ouest,3
Général,METRO 2416 : ALIMENTATION FRANÇOIS GERMAIN,Daniel Savard,Telephone,(514) 938-4747,MF022416OPR@METRO.CA;,MTL Ouest,3
Général,METRO 2423: ALIMENTATION ISABELLE PIERRE-AUGUSTE I,jessy .,,(514) 843-3530,;,MTL Ouest,3
2% Gestion,Metro 2431 Plus Dollard (Alimentation Remi Arbour),Gerlin .,Phone,(514) 364-3492,mf022431opr@metro.ca;,MTL Ouest,3
2% Gestion,METRO 2482 : ALIMENTATION ERIC HAUPTMAN (2004) INC,Luc,Telephone,(514) 488-5171,;,MTL Ouest,3
2% Gestion,METRO SUPER C 5952 : ATWATER,Yan-Erick 514-917-0760 cell,Telephone,514-939-3542,;,MTL Ouest,3
Général,Provigo Île des Soeurs 8807,Maxime Gauthier,Cell + Email,(514) 761-7207,smp8807g@provigo.ca;,MTL Ouest,3
Général,PROVIGO MONA TURBIDE,Walter .,Telephone,(514) 482-7273,SMP8657D@PROVIGO.CA;,MTL Ouest,3
Général,Provigo montreal St-Jacques (8808),Graham Barret,Cell + Email,(514) 481-6959,smp8808g@provigo.ca;,MTL Ouest,3
Général,Supermarche Lipari Inc,Tony 514-928-0772,Telephone,(514) 486-3254,iga00108epicerie@sobeys.com;,MTL Ouest,3
Général,SUPREMARCHE CLIFTON (MARCHE AMI),,Telephone,(514) 486-3851,;,MTL Ouest,3
WJW WALTER VAUDREUIL,luc laprairie,,(450) 455-3339,;,MTL Ouest,3
Général,IGA GESTION FAMILLE DEZIEL,claude .,Telephone,(450) 424-3549,iga0056vaudreuil@sobeys.com;,MTL Ouest,4
Général,IGA MARTIN JPJ,Pierre Martin C. 514-273-9364,Courriel,(514) 684-2807,IGA08543COMPT@SOBEYS.COM;,MTL Ouest,4
2% Gestion,METRO 0206: METRO RIGAUD,Francois .,Courriel,450-451-0520,MA000206ADM@METRO.CA;,MTL Ouest,4
2% Gestion,METRO 22434: METRO,Vincent .,Telephone,(514) 747-3145,;,MTL Ouest,4
2% Gestion,METRO 2427 : ALIMENTATION ISABELLE PIERRE AUGUSTE,Leo Durocher 83jours - longue attente Tél,Telephone,(514) 486-3042,MF022423OPR@METRO.CA;,MTL Ouest,4
2% Gestion,METRO 2435 : ALIMENTATION ALESSANDRO GENTILE INC,thomas ou amin,Telephone,(514) 695-2411,;,MTL Ouest,4
Général,MARCHE FRANCY,Caroline Atine,Courriel,(514) 846-1296,;,MTL Ouest,5
2% Gestion,METRO 4509 : METRO DEPANNEUR ALAIN,Alain,Courriel,(450) 371-3157,DEPANNEURALAIN1@GMAIL.COM;,MTL Ouest,5
2% Gestion,METRO 5944:METRO SUPER C VALLEYFIELD,René. 54jours rien,Telephone,450-373-4543,MS005944ADM@METRO.CA;,MTL Ouest,5
LE MONOPOLE CAFÉ,Gabriel Gallant,PivoHub/Courriel,(514) 504-9906,monopole.cafe@gmail.com;,MTL Ouest,,csp
Général,BIER MARKT,Ian McLeod,Courriel,(514) 864-7575,exploitation.montreal@recipeunlimited.com;,MTL Ouest,1,csp
Général,BISTRO VICE VERSA,Yan,Courriel,(514) 806-2100,sommelier@vicesetversa.com;,MTL Ouest,1,csp
Général,BAR DARLING,Marcos Almaguer,Courriel,(514) 379-1233,marcos@bardarling.com;,MTL Ouest,2,csp
Microbrasserie,BRASSERIE HARRICANA,Francis Richer,Courriel,,mpveilleux@brasserieharricana.com;,MTL Ouest,2,csp
Général,CANDIDE,Carole (418-760380),Courriel,(514) 447-2717,info@restaurantcandide.com;,MTL Ouest,2,csp
Général,CONCEPT TOM MONTREAL,Gianni .,,(514) 949-5484,hugo.deligny@timeoutmarket.com;,MTL Ouest,2,csp
Général,FAIRMONT LE REINE ELIZABETH,Carmin Iantosca,Courriel,(438) 501-8050,carmine.iantosca@fairmont.com;,MTL Ouest,2,csp
PUB BREWSKEY,Guillaume,Courriel,(514) 240-2201,guillaume@brewskey.ca;,MTL Ouest,2,csp
Général,ACCORDS BISTRO,Vincent Bergeron,Courriel,(514) 508-2122,SOMMELLERIE-BISTRO@ACCORDS.CA;,MTL Ouest,3,csp
Général,LES 100 GENIS,Par Courriel Only,Courriel,(514) 396-8887,pub.gerant@aeets.com;,MTL Ouest,3,csp
Général,PUB CAFE LA MAÎTRESSE,Geneviève Cadrin,Courriel,(450) 601-5407,PUBCAFELAMAITRESSE@GMAIL.COM;,MTL Ouest,3,csp
Général,TAVERNE DE LA FERME,Summer Eastwood,Courriel,(450) 829-2028,Summer.eastwood@gmail.com;INFO@TAVERNEDELAFERME.CA,MTL Ouest,3,csp
Général,9374-7889 QUEBEC INC.,Francois Dallaire Autre; 514-842-2912,Courriel,(514) 978-3865,francois@restaurantepik.com,MTL Ouest,4,csp
Général,BIRRA BAR À BIÈRES,Weena Cliche,Courriel,(514) 447-3154,INFO@BIRRA.CA;,MTL Ouest,4,csp
Général,CARIBOU GOURMAND,Christophe .,Courriel,(438) 387-6677,CARIBOUBISTRO@GMAIL.COM;,MTL Ouest,5,csp
DBSQ + AA,BOUTIQUE BROUE HAHA,gilles pommet,Courriel,(819) 503-3906,commandes@brouehaha.com,Outaouais,1
AA,DEPANNEUR RAPIDO,sandra gestionlopes@hotmail.com,Cell + Email,(819) 684-7345,gestionsandralopes@hotmail.com,Outaouais,2
Général,IGA EXTRA DES GRIVES,Steven,Courriel,(819) 771-1616,sjp101@live.ca,Outaouais,2
Général,IGA EXTRA FAMILLE CHARLES,MARTIN GRAVEL,Telephone,(819) 459-2326,mgravel@marquevel.com,Outaouais,2
Général,LE BRASSE-CAMARADE,Frederic,Courriel,(819) 983-1922,lebrassecamarade@hotmail.com,Outaouais,2
AA,WJW FINES ET FUTES,Serge,Courriel,,serge@fineetfutes.ca,Outaouais,2
2% Gestion,2471 METRO LIMBOURG (ALIMENTATION FREDERIK LEBLANC),CEDRICK .(819-208-5949) .,Telephone,(819) 561-3772,,Outaouais,3
2% Gestion,6959 (METRO) 9364-5661 QUÉBEC INC.(DÉPANNEUR BONNE-HEURE,wen wen,Telephone,(819) 459-3434,,Outaouais,3
Général,GARAGE PIERRE PAUL DESFORGES,Marie-Ève,Courriel,(819) 242-1234,petroact@hotmail.com,Outaouais,3
IGA  Famille Plante,Dominick .,Cell + Email,(819) 893-7890,iga08010hautedirection@sobeys.com,Outaouais,3
Général,IGA EXTRA FAMILLE PLANTE,Mathieu Lauzon,Telephone,(819) 772-7774,IGA08501GATINEAU@SOBEYS.COM,Outaouais,3
Général,IGA FAMILLE CHARLES CHELSEA 08371,MARTIN GRAVEL .,Courriel,(819) 459-2326,mgravel@marquevel.com,Outaouais,3
IGA Saint-Jacques 2038578,Olivier clément poste 246,Pivohub / tel,(819) 643-3384,iga08023gatineau@sobeys.com,Outaouais,3
Général,IGA ST-JOSEPH (PLACE CARTIER),Mathieu lepine,Phone,(819) 770-9132,IGA08476hautedirection@SOBEYS.COM,Outaouais,3
Général,MARCHE WAKIM,alexis .,Courriel,(819) 205-1533,sir.arochon@gmail.com,Outaouais,3
Général,METRO 1098 : METRO PLUS AYLMER,Zach,Telephone,(819) 685-3490,MA001098ADM@METRO.CA,Outaouais,3
2% Gestion,METRO 20112 : METRO KELLY MALONEY,Stephane roystef99@hotmail.com,Courriel,(819) 643-2353,MA020112ADM@METRO.CA,Outaouais,3
2% Gestion,METRO 20122 : CHENEVILLE,Mario Hince,Courriel,(819) 428-3966,mariohince@hotmail.com,Outaouais,3
2% Gestion,METRO 22339 : ALIMENTATION REJEAN COSSETTE,Mr Campeau,Telephone,(819) 561-5478,MF022339OPR@METRO.CA,Outaouais,3
Général,METRO 2283 : METRO PLUS BUCKINGHAM,Daniel Parent,Telephone,(819) 986-5761,MF022283OPR@METRO.CA,Outaouais,3
2% Gestion,METRO 2400 : ALIMENTATION PHILIPPE PILON,Tristan (app jeudi),Telephone,(819) 778-7330,MF022400OPR@METRO.CA,Outaouais,3
2% Gestion,METRO 3614 : METRO MARCHE G ISABELLE,Joel Isabelle,Courriel,819-777-3843,joel.marchegisabelle@gmail.com,Outaouais,3
Général,Provigo Aylmer Le Marché #8638,Stéphane Normand c.819-209-0435 Frigo :),Phone,(819) 209-0435 frigo,smp8638c@provigo.ca,Outaouais,3
2% Gestion,Super C Hull du Plateau 5958,Gaston Rivet,Cell + Email,(819) 772-7730,ms025958opr@metro.ca,Outaouais,3
Général,IGA FAMILLE CHARLES CANTLEY,Martin Gravel,Courriel,(819) 827-2984,mgravel@marquevel.com,Outaouais,4
Général,LE MARCHE (MARCHE OMNI-9133569 CANADA INC),Claude,Courriel,(819) 777-9921,MARCHE.OMNI@VIDEOTRON.CA,Outaouais,4
2% Gestion,METRO 1303 : METRO MARCHE RICHELIEU VAL-DES-MONTS,Jean-François veut des canettes,Telephone,(819) 671-2282,richelieuvaldesmonts@gmail.com,Outaouais,4
2% Gestion,METRO 20121: METRO MARCHÉ ST-ANDRÉ AVELIN,Benoit Desrochers .,Courriel,819-983-7966,MA020121MGR@METRO.CA,Outaouais,4
Général,PROVIGO FRAN. GATINEAU 8542,denis béland eric renaud (maladie),Courriel,(819) 771-7701,ERIC1REN25@GMAIL.COM,Outaouais,4
Général,DEPANNEUR 8348,Luc / Fannie,Courriel,(450) 562-8348,DEPANNEUR8348@HOTMAIL.COM,Outaouais,5
Général,LA MAISON BISSON INC,Alain,Courriel,(819) 772-0702,abisson@lamaisonbisson.ca,Outaouais,5
Général,SUPER C HULL 5914,eric Proulx,Telephone,819-595-1344,,Outaouais,5
Général,BISTRO L'AUTRE OEIL (FÛT),daniel / etienne,Telephone,(819) 682-1221,INFO@LAUTREOEIL.COM,Outaouais,2,csp
"Général,""LE CLANDESTIN, CUISINE CREATIVE INC"",eric ,Courriel,,ERICDUCHESNE84@GMAIL.COM",,,,,,Outaouais,2,csp
Général,LE MINOTAURE,Phil phil@ambassade.ca Tristan,Courriel,(819) 600-6466,phil@ambassade.ca,Outaouais,2,csp
Général,BIÈRE-Ô-LOO,Jessika Lemay,Courriel,(450) 775-9781,INFO@BIEREOLOO.CA,Outaouais,3,csp
Général,RESTAURANT EDGAR (9870164 CANADA INC),MARYSOL FOUCAULT . c:819-743-0040,Cell + Email,(819) 205-1110,marysol.foucault@gmail.com,Outaouais,3,csp
Général,RUSTIEK INC,Jesse,Courriel,(819) 525-3343,JESSECHARETTE@HOTMAIL.COM,Outaouais,3,csp
Général,550 HALTE MULTI-SERVICES,Eliane Pascale pellletier,Telephone,(418) 356-2933,bs02096stpamphile@sobeys.com,QC Sud-Est,3
Chez doyon et frères,Jérome Doyon,Cell + Email,(418) 249-4091,doyon1977@gmail.com,QC Sud-Est,3
Général,DEPANNEUR LANDRY,Melanie Joncas / Mariette Landry,Courriel,(418) 248-9620,DV01265MONTMAGNY@SOBEYS.COM,QC Sud-Est,3
Général,IGA EXTRA MONTMAGNY,Marc-Andre / Laurin / Mario,Courriel,(418) 248-1230,COOP2.MONTMAGNY@GLOBETROTTER.NET,QC Sud-Est,3
Général,Le moule a sucre,Roberto Di Giulio,Cell + Email,(514) 926-5284,roberto@lamouleasucre.com,QC Sud-Est,3
Général,Marche AUBONNE OPERATION,DOMINIQUE BÉRUBÉ Sur tablette new layout,Telephone,(418) 247-5206,tra00779lislet@sobeys.com,QC Sud-Est,3
Général,Marche Caron inc.,Jean-Michel Caron,Cell + Email,(418) 862-3639,j_mitch23@hotmail.com,QC Sud-Est,3
Général,Marché des Aulnais,Marco Pelletier,Cell + Email,(418) 919-0644,marcop35@videotron.ca,QC Sud-Est,3
2% Gestion,METRO 4636 - MARCHÉ G ET S,GAETAN (418-234-2690)/JOËLLE . .,Courriel,(418) 598-3728,marchegs@globetrotter.net,QC Sud-Est,3
Restaurant le cracheur de feu,YAN CLOUTIER,PivoHub/Courriel,(438) 863-3808,lecracheurdefeu@videtron.ca,QC Sud-Est,3,csp
Général,DEPANNEUR TOUT PRES(LEVIS),Maryse,Courriel,(418) 837-1633,DEPANNEURTOUTPRES@HOTMAIL.COM,QC Sud,1
Général,LE FRIDGE,Xavier (am),Cell + Email,(418) 440-4019,boutiquelefridge@outlook.com,QC Sud,1
DBSQ + AA,LE MONDE DES BIÈRES - ST-NICOLAS,Marilyne / Pierre,Cell + Email,(418) 496-6223,mdb.stnicolas@gmail.com,QC Sud,1
DBSQ,LE MONDE DES BIÈRES LEVIS,Anthony,Courriel,(418) 903-3818,mdb.levis@gmail.com,QC Sud,2
2% Gestion,METRO 3260 : ACCOMODATION TRIOLET,Mario Leblanc,Courriel,(418) 832-4941,TRIOLET1@VIDEOTRON.CA,QC Sud,2
2% Gestion,METRO 5220 : AM ROY,JEROME .,Telephone,(418) 455-6824,,QC Sud,2
Général,8881 PROVIGO LEVIS ST-GEORGES,SERGE GAGNÉ .,Telephone,(418) 833-3404,SMP8078D@PROVIGO.CA,QC Sud,3
Général,ACCOMODATION LAUZON,Daniel Côte (418-998-9360)/ Jean-Philippe .,Cell Phone,(418) 837-6607,ACCLAUZON@VIDEOTRON.CA,QC Sud,3
Général,DEPANNEUR PETRO-CANADA ST-HENRI-DE-LEVIS,Brigitte Asselin (appelez mercredi),Telephone,(418) 895-0871,DO12548@SUNCOR.COM,QC Sud,3
2% Gestion,METRO 0744: LAROCHE ET FILS INC,David metrodavid744@gmail.com,Courriel,(418) 831-7987,metrodavid744@gmail.com,QC Sud,3
Général,METRO 0768 : METRO STE-CROIX,PASCALE .,Email,(418) 926-2267,MA000768OPR@METRO.CA,QC Sud,3
2% Gestion,METRO 22636 : ALIMENTATION JEAN-FRANCOIS LEVESQUE,martin gosselin apres 11h,Telephone,(418) 831-4866,mf022636opr@metro.ca,QC Sud,3
2% Gestion,METRO 2819: METRO LEVIS,Jean-François Leclerc .,Telephone,(418) 835-6313,MF022819OPR@METRO.CA,QC Sud,3
2% Gestion,METRO 4589 : METRO DEPANNEUR GV,Sandra ou Sydney,Courriel,(418) 839-4485,DEPANNEURGV@VIDEOTRON.CA,QC Sud,3
2% Gestion,METRO 577: METRO DESCHAILLONS,David,Telephone,(819) 292-2731,,QC Sud,3
Général,Super Marché Famille Rousseau,STEEVE GIRARD .,Cell + Email,(418) 831-5400,IGA00168COMPTABILITE@SOBEYS.COM,QC Sud,3
Général,Accommodation FL,Sebastien,Courriel,(418) 881-3858,depstapo@outlook.com,QC Sud,4
Général,LE DORIMÈNE,Etienne Villeneuve,Courriel,(418) 903-4446,etienne.villeneuve@gmail.com,QC Sud,3,csp
2% Gestion,ACCOMODATION CLAIRBOURG(METRO 6970),Gabrielle (CELL:418.523.0348) .,Cell Phone,(418) 849-6570,JULIE.MORIN2009@HOTMAIL.COM,Quebec 1,2
DBSQ + AA,LE MONDE DES BIÈRES (BEAUPORT),Laurent Georges,Courriel,(418) 660-9983,LAURENTGEORGES777@HOTMAIL.COM,Quebec 1,2
DBSQ,SO-CHO (FANNIE GOURMETS LEBOUGNEUR INC ),Fanny,Courriel,(418) 704-7711,FANNIESTCYR@GMAIL.COM,Quebec 1,2
2% Gestion,ALIMENTATION LEMIRE,LEI MIE (418-265-6707) .,Telephone,(418) 626-2860,niekaidong@hotmail.com,Quebec 1,3
Général,Alimentation Nord-Sud,France .,Telephone,(418) 628-7687,prozion@bellnet.ca,Quebec 1,3
Général,Dépanneur de la lumière,Frank Chouinard (APRÈS-MIDI)Cell: 418-435-3755 .,Cell + Email,(418) 435-2259,depanneurdelalumiere@hotmail.com,Quebec 1,3
Général,IGA EXTRA LES SAULES 445,Andrée-Ann (congé lundi) .,Telephone,(418) 877-3922,IGA00445QUEBEC@SOBEYS.COM,Quebec 1,3
2% Gestion,METRO 2626 : ALIMENTATION SERGE FILTEAU,Fred ou Alain (Installer open deck 16pieds 17 fév) Va commander le 27 Février .,Telephone,(418) 626-1056,,Quebec 1,3
2% Gestion,METRO 5988 : METRO SUPER C BEAUPORT,Pascal .,Telephone,418-667-3336,MS005988Opr@metro.ca,Quebec 1,4
2% Gestion,METRO 5990 : METRO SUPER C STE-ANNE-DE-BEAUPRE,CARL FAUCHER .,Telephone,(418) 827-3474,,Quebec 1,4
Général,LES MALTCOMMODES,Alain / Jean Gagne,Telephone,(418) 663-7171,AROCHETTE@LESMALTCOMMODES.COM,Quebec 1,3,csp
DBSQ,L'AXE DU MALT HB,Remi,Cell + Email,581-742-7490,CAPSULESBIERE@LIVE.FR,Quebec 2,1
DBSQ,L'AXE DU MALT LIMOILOU,REMI / MARTIN .,Cell + Email,(581) 742-7490,capsulesbiere@live.fr,Quebec 2,1
2% GESTION + AA,METRO 6653 : ALIMENTATION ESCOMPTE IMPACT,eric (debute a 15H) / Carl,Cell + Email,(418) 529-1600,ericlortie@hotmail.com,Quebec 2,1
Général,SUPERETTE DU DINER(livraison à partir de 11h30),NICOLAS TREMBLAY . 418-809-9491,Cell + Email,(581) 705-9555,superettedudiner@gmail.com,Quebec 2,2
Général,DEPANNEUR NUTRISOIR,APPELER veng cheng après 15h15 14185296731,Telephone,(418) 529-8888,huangzengcheng@hotmail.com,Quebec 2,3
Général,La Place Boutique Gourmande,François Lebel,Courriel,(418) 529-7524,laplace@email.com,Quebec 2,3
2% Gestion,METRO 2834: METRO ALIMENTATION STEVE LAPOINTE,MARTIN VERRETTE .,Telephone,(418) 648-8794,,Quebec 2,3
2% Gestion,METRO 6869: METRO EPICERIE COUILLARD,Raymond + tel.,Courriel,(418) 692-3748,epiceriecouillard@gmail.com,Quebec 2,3
Tapas et Lièges,,Cell + Email,,plcullen@tapasetliege.com,Quebec 2,,csp
Microbrasserie,BRASSERIE LES MORDUS (20L),Martine Plante,Courriel,(418) 692-3365,Martine.plante@brasserielesmordus.com,Quebec 2,2,csp
Général,LA PLANQUE RESTAURANT CSP,Joëlle (ouvre à 17h00) .,Cell + Email,(418) 914-8780,joelle.giard@hotmail.fr,Quebec 2,3,csp
Général,L'ANTI BAR ET SPECTACLES,Karl-Emmanuel Picard,Courriel,(418) 265-1919,DISTRICT7PROD@GMAIL.COM,Quebec 2,3,csp
"Général,""LE SACRAMENT (FÛT,CSP)"",JEFF BELLEY (581-999-2345),Telephone,(418) 686-2067,",,,,,,Quebec 2,3,csp
Général,PUB ST-PATRICK (CSP),Simon / Marc Coulombe (ouvre à 11h00) .,Courriel,418-694-0618,samuel.begin@toprestogroup.com,Quebec 2,3,csp
Général,JONATHAN FOURNIER (LE TREFLE),Jonathan,Cell + Email,418-914-9596,LETREFLE@TAVERNEIRLANDAISE.COM,Quebec 2,4,csp
Général,LE CLOCHER PENCHE BISTROT,Thomas,Telephone,(418) 649-1010,INFO@CLOCHERPENCHE.CA,Quebec 2,4,csp
Général,L'ORYGINE (CSP),Philippe Veilleux,Cell + Email,(418) 872-4386,comptabilite@restaurantlataniere.com,Quebec 2,4,csp
Général,RESTAURANT LE CENDRILLON,Joffrey (lundi ferme),Telephone,(418) 609-2519,INFO@LECENDRILLONRESTAURANT.COM,Quebec 2,5,csp
Général,CHACUN SA BIÈRE,Maxime Labbe,Courriel,(418) 326-1067,MAXLABBE_1993@HOTMAIL.COM;,Quebec 3,2
AA,DEPANNEUR DE LA RIVE,Dany (AM) .,Courriel,(418) 653-2783,DANCHABOT@HOTMAIL.COM;,Quebec 3,2
2% Gestion,MÉTRO 2660 - ALIMENTATION PHILIPPE BÉLANGER,SIMON (abs. lundi)  Frigo Spécialité .,Telephone,(418) 872-4444,villeneuvesimon@hotmail.com;mf022660opr@metro.ca,Quebec 3,2
Général,BOUCHERIE GODIN,simon 418-473-5252 .,Courriel,(418) 285-2755,info@boucheriegodin.com;,Quebec 3,3
Général,LA MURAILLES DES BIÈRES,Mei .,Telephone,(418) 873-1991,LAMURAILLEDESBIERES@GMAIL.COM;,Quebec 3,3
2% Gestion,METRO 22658 : ALIMENTATION ANNICK NOTEAU (Metro Innovation),Claude Girard Kevin Corbin,Telephone,(418) 656-0728,;,Quebec 3,3
2% Gestion,METRO 2695 : ANCIENNE LORETTE,helene langevin apres 11h pas le vendredi,Telephone,(418) 872-6236,;,Quebec 3,3
2% Gestion,METRO 2752: METRO ALIMENTATION ALEXANDRE FORTIN,Claude Plourde (av 15h),Telephone,(418) 870-1653,mf022752opr@metro.ca;,Quebec 3,3
2% Gestion,METRO 2881: METRO DUPLESSIS,Marco .,Telephone,(418) 656-6116,MF022623MGR@METRO.CA;,Quebec 3,3
2% Gestion,METRO 2992 : METRO PLACE STE-FOY,Benoit Bacon (Pas de frigo),Telephone,418-651-8150,MF022640OPR@METRO.CA;,Quebec 3,3
METRO 4143 : MARCHE DENIS RENAUD (ST-MARC),Vicky Gagnon app après 11h,Telephone,(418) 268-3212  ext 206,ma004143opr@metro.ca;,Quebec 3,3
2% Gestion,METRO 5950 : METRO SUPER MARCHE STE-FOY,Sebastien Peticlerc,Telephone,418-864-7171,MS005950OPR@METRO.CA;,Quebec 3,4
Général,BAR LE CACTUS,Gerant va appeler si besoin de biere (ou Felix),Courriel,(418) 527-9111,LOUIS@CACTUSQUEBEC.COM;,Quebec 3,2,csp
Général,La GASPESIENNE 51,Vanessa (courriel) / Myriam (COMM. 17 JUILLET) .,Courriel,(819) 699-0438,administration@lagaspesienne51.ca;m_desbois@hotmail.com,Quebec 3,2,csp
Général,CAFE AU TEMPS PERDU,Francois par texto 581-888-1418,Cell + Email,(418) 681-5601,tpfrancois@hotmail.com;,Quebec 3,3,csp
Général,CAFE FOU AELIES,Karl Levasseur,Courriel,(581) 991-4293,CAFE@AELIES.ULAVAL.CA;,Quebec 3,4,csp
DBSQ + AA,CAPSULES BIÈRES L'AXE DU MALT,Remy / Martin (Rue Daiguillon),Cell + Email,(581) 742-7490,CAPSULESBIERE@LIVE.FR,Quebec 4,1
DBSQ + AA,LE MONDE DES BIÈRES - SO-CHO,Maxime Duchesne / Valerie,Courriel,(418) 915-7466,MAXIME@LEMONDEDESBIERES.COM,Quebec 4,2
DBSQ + AA,LE MONDE DES BIÈRES (QC 4),David / Eric (mardi am),Telephone,(418) 686-2437,mondedesbieres@gmail.com,Quebec 4,2
Général,ALIMENTATION GA RATTE,Jean-Francois Tremblay .(pm) .,Telephone,(418) 529-2197,DENIS_TR29@HOTMAIL.COM,Quebec 4,3
Général,EPICERIE DU PETIT CARTIER,Dave. .,Telephone,(418) 522-7524,sutan1999@hotmail.com,Quebec 4,3
2% Gestion,EPICERIE ROCHON,Gabrielle  / Julie Morin .,Cell + Email,(418) 523-0348,ENTREPRISES.YVRERO@GMAIL.COM,Quebec 4,3
Général,La boite a bieres,Felix C.418-704-5400 Vincent .,Telephone,(418) 704-5400,info@laboiteabieres.com,Quebec 4,3
2% Gestion,METRO 22757 : CARTIER,M.Laplante (pas mardi),Telephone,(418) 522-8011,MF022757MGR@METRO.CA,Quebec 4,3
2% Gestion,METRO 4789 : METRO FERLAND,Garry lundi c.418-655-7385 ou Tommy,Courriel,(418) 681-7385,BERNARD.ALAIN@METROFERLAND.COM,Quebec 4,3
CSP Client,,,,,,Quebec 4,3,csp
3 - Bon,,,,,,Quebec 4,3,csp
Classification,Name,Contact,Communication Preference,Phone,Invoice Email,Quebec 4,3,csp
Général,BUVETTE SCOTT INC,Pier-Luc Germain,Courriel,(581) 777-3328,INFO@BUVETTESCOTT.COM,Quebec 4,3,csp
Général,PUB LE PROJET,Jean-Francois Belley Anti-DBSQ,Courriel,(581) 999-2345,nrodrigue@neliadominguescpa.com,Quebec 4,3,csp
Général,Restaurant le parlementaire(comm. début septembre+verres),Louise Chouinard (blonde et rousse en fut),Phone,(418) 528-6892,lise.chouinard@assnat.qc.ca,Quebec 4,3,csp
DBSQ + AA,ESPACE HOUBLON,Francis,Courriel,(450) 983-7122,INFO@ESPACEHOUBLON.CA;,Rive Nord,1
DBSQ + AA,ESPACE HOUBLON BLAINVILLE,Francis,Courriel,(579) 630-7122,INFO@ESPACEHOUBLON.CA;,Rive Nord,1
DBSQ,ESPACE HOUBLON FABREVILLE,Francis,Courriel,(450) 937-8122,INFO@ESPACEHOUBLON.CA;,Rive Nord,1
DBSQ,ESPACE HOUBLON MASCOUCHE,Francis,Courriel,(450) 474-8122,INFO@ESPACEHOUBLON.CA;,Rive Nord,1
DBSQ,LE PETIT VERRAT,Vincent Corriveau,Courriel,(514) 739-9155,boutique@leptitverrat.ca;,Rive Nord,1
AA,William J. Walter Blainville,Nathalie / Fabienne,Courriel,(450) 420-4555,info@saucisserieblainville.com;,Rive Nord,1
AA,DEPANNEUR ST-ANTOINE (Toit Rouge),Nicolas .,Courriel,(450) 438-3449,microtoitrouge@gmail.com;,Rive Nord,2
AA,IGA EXTRA CHAUMONT ET BILODEAU,Sylvain Chaumont/ Alexandre,Courriel,(450) 438-5214,iga08012sylvain.chaumont@sobeys.com;,Rive Nord,2
AA,IGA QUINTAL MARCHE DES OISEAUX,Maxime 450' Tablette réfrigéré,Courriel,(450) 963-1072,m.quintal@igaquintal.com;,Rive Nord,2
Général,MARCHE VAILLANCOURT (NEELIMA),Dad Jeudi c.514-232-7905,Courriel,(450) 226-2215,salyma.dad@gmail.com;,Rive Nord,2
2% Gestion,METRO 0362: METRO PLUS DÉPATIE,Michel JEUDI Prends Spécialités,Telephone,(514) 258-2865,ma000362adm@metro.ca;,Rive Nord,2
Saucisserie Bois des Filions,Sophie,Telephone,(450) 621-0611 poste 2,lasaucisseriebdf@outlook.fr;,Rive Nord,2
Général,STATION DES BIÈRES LAVAL,Nicolas c: 514 219-7011,Telephone,(450) 937-1008,LASTATIONDESBIERES@GMAIL.COM;,Rive Nord,2
2% Gestion,(2462) 9408-6493 QUÉBEC INC.,Denis .,Telephone,(450) 661-1081,;,Rive Nord,3
2% Gestion,2465 ALIMENTATION PATRICK LEMAY INC.,Gérald .,Telephone,(450) 472-7720,;,Rive Nord,3
Général,Alimentation C.C. Sevigny Inc. (IGA 08367),Christian Sevigny cell: 514-212-8976,Cell + Email,(450) 665-4441,hockeydete@hotmail.com;,Rive Nord,3
Général,Alimentation Manon Bélanger Provigo 8068,Yvon X,Cell + Email,(450) 439-5986,smp8068g@provigo.ca;,Rive Nord,3
Boucherie Lorrain,Philippe Caouette,Phone,(450) 951-7755,;,Rive Nord,3
Général,DEPANNEUR BERGE DE LA BRISE,ERIC .,Cell + Email,(514) 632-6388 cell,BONNECHANCEGW@YAHOO.CA;,Rive Nord,3
Général,Dépanneur du Lac Renaud,Alex verschelden,PivoHub/Courriel,(450) 224-7743,deprenaud@hotmail.com;,Rive Nord,3
Général,DEPANNEUR DUVERNAY,Lan,Telephone,(450) 661-5152,LANBM@HOTMAIL.COM;,Rive Nord,3
Général,DEPANNEUR GB LEBEAU,BENOIT LEBEAU .(5142914478) .,Phone,(450) 666-2663,ONIALR17@GMAIL.COM;,Rive Nord,3
Dépanneur Mami,Nathasha mario provost,Cell + Email,(450) 439-1443,depmami2013@hotmail.fr;,Rive Nord,3
Général,Depanneur Richard Patenaude,Richard,Courriel,(450) 474-2415,BS00553DEPANNEURPATENAUDE@SOBEYS.COM;,Rive Nord,3
Général,DEPANNEUR RR 640,Valerie / Philipe Avant 3PM,PivoHub/Courriel,(450) 477-1822,BS02021MASCOUCHE@SOBEYS.COM;,Rive Nord,3
Dépanneur St-Rémi,Jolyane C thibault 819-421-2611,Cell + Email,(819) 687-2022,jolyanecthibault@hotmail.com;,Rive Nord,3
Général,DEPANNEUR VOISIN (STE-MARTHE),Brigitte (Pas Vendredi),Courriel,(450) 491-5155,DV02134VOISIN@SOBEYS.COM;,Rive Nord,3
Général,FROMAGER SAUCISSIER STE-DOROTHE,Philippe .,Courriel,(450) 689-8436,WJWLAVAL@HOTMAIL.COM;,Rive Nord,3
Général,IGA 529 ROBERT TELLIER Bellefeuille,Kevin :),Phone,(450) 565-5977,IGA00529COMPTABILITE@SOBEYS.COM;,Rive Nord,3
Général,IGA 8073 EXTRA LORD,Paul préfère appel le jeudi,Telephone,(450) 565-8890,IGA08073LAFONTAINE@SOBEYS.COM;,Rive Nord,3
Général,IGA 8311  EXTRA FAMILLE JASMIN 9702571 CANADA INC,Mathieu Valiquette :),Telephone,(450) 227-2141,iga08311epicerie@sobeys.com;,Rive Nord,3
Général,IGA Alimentation Gareau( iga rawdon famille guilbault ),WILLIAM GUILBAULT / MARTIN GUILBAULT .,Telephone,(450) 834-2633,iga08049william.guilbault@sobeys.com;,Rive Nord,3
Général,IGA CREVIER,ELIAS POSTE 203 veut que de la canette,Telephone,(450) 689-3131,;,Rive Nord,3
Général,IGA DAIGLE (#399),Luc Filion c. 450-848-5954 (Denis Martin Gerant),Telephone,(450) 435-1370,Iga00399epicerie@sobeys.com;,Rive Nord,3
Général,IGA DAIGLE 8033,Mathieu (pas vendredi) Mr.Gauthier,Courriel,(450) 435-5500,iga08033comptabilite@sobeys.com;,Rive Nord,3
Général,IGA EXPRESS FAMILLE PICHE,Genevieve Alain,Telephone,(450) 224-2727,IGA06042PREVOST@SOBEYS.COM;,Rive Nord,3
Général,IGA EXPRESS LES FILLES ET ASSOCIES,Martine Lalande,Courriel,(450) 437-1920,iga06023rosemere@sobeys.com;,Rive Nord,3
Général,IGA EXTRA DAIGLE (#8548 le Faubourg)),benoit 514-882-7749,PivoHub/Courriel,(450) 433-6226,iga08548epicerie@sobeys.com;,Rive Nord,3
Général,IGA EXTRA FAMILLE PICHE,Michel Après 9 AM Nos bières dans le frigo,Telephone,(450) 224-4575,IGA08573PREVOST@SOBEYS.COM;,Rive Nord,3
Général,IGA EXTRA LAMOUREUX,Janick Lamoureux :),Cell + Email,(514) 707-9936,janlamoureux@gmail.com;,Rive Nord,3
IGA EXTRA MARCHÉ ST-ANTOINE,Jean-Sebastien Martel,Courriel,(450) 436-5004,iga08004poisson@sobeys.com;jsebmartel@gmail.com,Rive Nord,3
Général,IGA MARCHE AU CHALET,Sylvain jean-philippe,Telephone,(450) 229-4256,IGA08224COMPTABILITE@SOBEYS.COM;,Rive Nord,3
Général,IGA MARCHE HEBERT,Janick .,Courriel,(450) 472-1558,iga08030epicerie@sobeys.com;,Rive Nord,3
Général,IGA ST-CANUT,Philippe Lemieux c.514-346-1760,Cell Phone,(450) 431-3244,iga08240direction@sobeys.com;,Rive Nord,3
Général,IGA TELLIER MONT-TREMBLANT,Jean-Luc De la Bruyère poste 639,Telephone,(819) 681-0330,IGA00237COMPTABILITE@SOBEYS.COM;,Rive Nord,3
Général,LA CHAUDRONNEE,Joan Carrier,Cell + Email,(450) 474-8206,JOAN.CARRIER@LACHAUDRONNEE.COM;,Rive Nord,3
Général,LA PORTE DES BIERES,Zhu Guang Xuan cell 514-929-2587 Anglophone,Cell + Email,(514) 929-2587,zjr2000@yahoo.com;,Rive Nord,3
Général,Les mercenaires culinaires,Frederic Samuel,Telephone,(819) 717-4141,;,Rive Nord,3
Général,Ma Boucherie.ca 2017 Inc.,Sophie Poirier,Cell + Email,(450) 688-4444,info@maboucherie.ca;,Rive Nord,3
Général,MARCHE BELLEFEUILLE TRADITION FAMILLE CHALIFOUX,Martin Ouellet,Telephone,(450) 436-3893,marchebellefeuille@videotron.ca;,Rive Nord,3
Général,MARCHE BONICHOIX STE-ADÈLE,Pascal / Emile :),Telephone,(450) 229-3748,bx05845montrolland@sobeys.com;,Rive Nord,3
Général,MARCHE GARIEPY,Kevin / Charles,Telephone,(819) 320-0182,catherinegariepy1421@gmail.com;,Rive Nord,3
Général,MARCHE ST-HYPOLITE,rené .,Telephone,(450) 563-2145,Estelle.marchetradition@gmail.com;,Rive Nord,3
2% Gestion,METRO 0272 : METRO ST-ANTOINE,Vincent .,Telephone,(450) 431-7353,MA000722ADM@METRO.CA;,Rive Nord,3
2% Gestion,METRO 127 : METRO PLUS FAMILLE THIBAULT,kevin parent,Telephone,(450) 435-1279,ma000722adm@metro.ca;,Rive Nord,3
2% Gestion,METRO 22378 : ALIMENTATION MARCEL PICARD,Camille Henri (pas jeudi) / Pierre Benoit,Telephone,(450) 623-3010,mf022378opr@metro.ca;,Rive Nord,3
2% Gestion,METRO 22395 : METRO PLUSARTHUR-SAUVE,Francois Ethier,Courriel,(450) 472-8048,mf022395mgr@metro.ca;,Rive Nord,3
2% Gestion,METRO 2311: METRO ST-ADÈLE,Mathieu .,Telephone,(450) 229-2345,MF022311ADM@METRO.CA;,Rive Nord,3
Général,METRO 2377 : 9364 - 2213 QC INC.,Michel Vincent / David,Courriel,(819) 322-2030,mf022377mgr@metro.ca;,Rive Nord,3
2% Gestion,METRO 2441: 9387-3966 QC,Jeannot Bélanger,Telephone,(819) 326-2822,MF022441ADM@METRO.CA;,Rive Nord,3
2% Gestion,METRO 2450 : ALIM DOMINIC POTVIN,Jean-Francois . c. 450-822-4080 appeler directement svp,Telephone,(819) 425-3381,;,Rive Nord,3
2% Gestion,METRO 271 : METRO ST-SOPHIE -,Olivier Non listé,Telephone,(450) 436-3476,MA000722ADM@METRO.CA;,Rive Nord,3
2% Gestion,METRO 5948: METRO SUPER C DAGENAIS,David Rousseau,Email,450-628-8143,MS005948OPR@METRO.CA;,Rive Nord,3
2% Gestion,METRO 5971 : METRO SUPER C MONT-TREMBLANT,Stephane Desmers Frigo,Courriel,819-429-6322,ms025971opr@metro.ca;,Rive Nord,3
2% Gestion,METRO 6845 - Dépanneur des Hauteurs,michael thibodeau 514-772-7791,Cell + Email,(450) 224-5210,michaelthibodeau001@gmail.com;,Rive Nord,3
2% Gestion,METRO 722 : METRO FAMILLE THIBAULT,Mathiew,Courriel,(450) 432-3433,MA000722ADM@METRO.CA;,Rive Nord,3
2% Gestion,METRO SUPER C 6140,Eric Lavoie Cell SVP 438-521-4411,,(450) 435-9544,ms026140opr@metro.ca;,Rive Nord,3
PÉTRO-CANADA MIRABEL,Yves,Courriel,(450) 419-8215,petro10440@bellnet.ca;,Rive Nord,3
PROVIGO DOMINIC CASAULT ( Lorraine ),François Gingras / Marisol Trezeau,Courriel,(450) 621-1115,smp8658p@provigo.ca;,Rive Nord,3
Général,PROVIGO ST-JEAN 8028,CÉLINE BROUILLETTE ROXANNE MUSSEL,Cell + Email,(450) 478-1864,SMP8028G@PROVIGO.CA;,Rive Nord,3
Général,SALAMICO,sylvain .,Telephone,(450) 472-4419,SALAMICO@VIDEOTRON.CA;,Rive Nord,3
Général,Supermarche Boucher Inc.,Denis Lepine,Cell + Email,(819) 424-7679,ma000277adm@metro.ca;,Rive Nord,3
Général,DEPANNEUR DE LA GARE,Melodie / Janick Bernard (Jeudi),Telephone,(450) 951-7966,JANICK.MELODIE@HOTMAIL.COM;,Rive Nord,4
Général,MARCHE ETHIER EXPRESS,Linda (AUCUN IPA),Telephone,(450) 258-4411,ETHIER_SERGE@HOTMAIL.CA;,Rive Nord,4
2% Gestion,METRO 0581 : METRO DENIGIL,Vincent Carrière,Telephone,(450) 689-2282,;,Rive Nord,4
2% Gestion,METRO 22445 : ALIMENTATION SYLVAIN BOLDUC (2011) inc.,Poste 2 et Carl Brousseau,Telephone,(450) 622-4524,MF022445OPR@METRO.CA;,Rive Nord,4
2% Gestion,METRO 373 : METRO ROSEMERE,Rejean Lemay,Courriel,(514) 708-3510,METROROSEMERE@VIDEOTRON.CA;,Rive Nord,4
Général,METRO 5918: METRO SUPER C BLAINVILLE,Jeremy,Telephone,514-963-3797,ms005918opr@metro.ca;,Rive Nord,4
Général,PETRO-BIÈRE,Mourad,Courriel,(514) 660-6107,MOURAD_TKA@HOTMAIL.CA;,Rive Nord,4
Général,SAUCISSES ETC,jenny perreault,Courriel,(514) 497-4540,info@saucissesetc.com;,Rive Nord,4
Général,VIA CASSIA (CAFE ET MARCHE),Joseph Cassia,Courriel,(450) 689-2999,CASSERS@VIDEOTRON.CA;,Rive Nord,4
LE MAPACHE,Maxime Drouin Isabelle Gérard,Cell + Email,(514) 279-3481,MAXDROUIN7@GMAIL.COM;,Rive Nord,2,csp
Microbrasserie,MICROBRASSERIE LES INSULAIRES,Marilène Barale,Courriel,(514) 805-9181,INFO@LESINSULAIRES.CA;,Rive Nord,2,csp
Général,BIÈRE AU MENU,Catherine,Courriel,(450) 621-0611,gabrielle@biereaumenu.com;,Rive Nord,3,csp
Général,LE BALTHAZAR,Clement,Courriel,,comptabilite@lebalthazar.com;,Rive Nord,3,csp
Microbrasserie,MICROBRASSERIE LE ST-GRAAL,Pascal Fex,Courriel,(450) 818-6039,saintgraal32@hotmail.com;,Rive Nord,3,csp
Microbrasserie,MICROBRASSERIE NOIRE & BLANCHE,Yan Nous appelle si besoin,Courriel,(450) 983-6100,NEBMICRO@GMAIL.COM;,Rive Nord,3,csp
Général,PUB BARILS & ARDOISES,Roger / Patrick Mass,Courriel,(450) 430-2988,BARILSARDOISES@MAIL.COM;,Rive Nord,3,csp
Général,Restaurant la pomponette,Jean-Michel Pigeon c.514-435-5722,Telephone,(438) 408-5544,restaurantlapomponnette@gmail.com;,Rive Nord,3,csp
4 - Petit,;,,,,,Rive Nord,3,csp
Classification,Name,Contact,Communication Preference,Phone,Invoice Email;,Rive Nord,3,csp
Général,LA CHOPE ST-JERÔME,Samuel Paquette,Courriel,(450) 504-3676,administration@lachope.bar;,Rive Nord,3,csp
Général,BOUCHERIE AUX SAVEURS DES SEVELIN,Karl,Courriel,(450) 448-3918,karlwindge@gmail.com;,Rive Sud-Ouest,1
AA,IGA EXTRA MARCHE GAOUETTE,YAN (450-558-1785) .,Pivohub / tel,(450) 378-4447,IGA00277granby@SOBEYS.COM;,Rive Sud-Ouest,1
2% GESTION + AA,IGA LAMBERT - MARCHE LAMBERT & FRÈRES INC,Carl / Daniel,PivoHub/Courriel,(450) 447-0330,IGA08021DIRECTION2@SOBEYS.COM;,Rive Sud-Ouest,1
AA,LES ASSOIFFES,Mathias / Etienne / Audrey,Cell + Email,(450) 672-9779,LESASSOIFFES@HOTMAIL.COM;,Rive Sud-Ouest,1
Général,MARCHE LAVIGNE,Kim avant midi,Telephone,(450) 670-4350,DHKIM6002@GMAIL.COM;,Rive Sud-Ouest,1
Général,PASQUIER,Nicholas (email) epicerie101@pasquier.qc.ca,PivoHub/Courriel,(450) 349-6422,epicerie101@pasquier.qc.ca;sylvie.lafrance@pasquier.qc.ca,Rive Sud-Ouest,1
Général,TITE FRETTE,SABRINA .,Courriel,(450) 956-1800,achat@titefrette.ca;,Rive Sud-Ouest,1
Général,TITE FRETTE (COWANSVILLE),BRUNO .,Telephone,(450) 815-1800,achat@titefrette.ca;,Rive Sud-Ouest,1
AA,TITE FRETTE (ST-JEAN),MAXIME .,Courriel,(450) 895-3800,achat@titefrette.ca;,Rive Sud-Ouest,1
Général,CA COULE À FLOTS,Jean-Philippe Buzare,Courriel,(581) 307-2939,JPBUZARE@CACOULEAFLOTS.COM;,Rive Sud-Ouest,2
Général,Depanneur Andre Galipault,Shuaib / Amade,Pivohub / tel,(450) 538-2337,bonisoirsutton@hotmail.com;,Rive Sud-Ouest,2
Général,DEPANNEUR CHARLES BOURGEOIS,Charles Bourgeois,Courriel,(450) 245-0045,DEP.CB@BELLNET.CA;,Rive Sud-Ouest,2
Général,DEPANNEUR GRAND DUC,Mark anglo,Courriel,(450) 674-7225,DEPANNEURGRANDDUC@GMAIL.COM;,Rive Sud-Ouest,2
Général,IGA BROSSARD- SUPERMARCHE PICARD,LUC .,Cell + Email,(450) 444-8747,iga08226epicerie@sobeys.com;,Rive Sud-Ouest,2
Général,IGA EXTRA GREENFIELD PARK,Gaetan Gagnon(conge merc) 514-250-4200 .,Telephone,(450) 656-7055,IGA08283COMPTABILITE@SOBEYS.COM;,Rive Sud-Ouest,2
Général,IGA FAMILLE ROY 8202,Joey,Telephone,(450) 427-3614,iga08202epicerie@sobeys.com;,Rive Sud-Ouest,2
Général,IGA REID-BOURSIER,Richard,Telephone,(450) 691-7647,iga08199mercier@sobeys.com;,Rive Sud-Ouest,2
2% Gestion,MARCHE LAMBERT ET FRERES:IGA DELSON (MARCHE LAMBERT),Thierry 514-799-5611 cell,Cell + Email,(450) 635-7534,iga08021direction2@sobeys.com;,Rive Sud-Ouest,2
Général,MARCHE LES SAVEURS D`EUROPE,Sandro (Arrive 9am) Cell:514-217-8083,Telephone,(450) 445-8808,;,Rive Sud-Ouest,2
2% Gestion,METRO 2329 : COLLIN - CHAMBLY,Simon Laverdière,Telephone,(450) 658-0367,FACTURATION@PITCARIBOU.COM;,Rive Sud-Ouest,2
Général,SUPERMARCHE GILLES BARITEAU INC,Alexandre,Courriel,(450) 462-4420,iga08203hautedirection3@sobeys.com;,Rive Sud-Ouest,2
Général,BIÈRES ET PANTOUFLES,Roger Cyr,Courriel,(450) 775-1483,BIERESETPANTOUFLES@HOTMAIL.COM;,Rive Sud-Ouest,3
Général,Boni-Soir # 1013 Depaneur Sabah Inc.,Abdul haydart,Cell + Email,(450) 646-5176,gestion.sabah@live.com;,Rive Sud-Ouest,3
Général,CREVIER DENISON,JEAN-FRANCOIS (450-204-8821) .,Cell + Email,(450) 994-4441,creviermicrobrasserie@outlook.com;,Rive Sud-Ouest,3
Général,DEPANNEUR CONRAD GOSSELIN,MELISA (rappeler le 26 fev) .,Telephone,(450) 376-6868,dep.conrad@videotron.ca;,Rive Sud-Ouest,3
Général,DEPANNEUR LEVESQUE,Claude Levesque (avant 15h00),Telephone,(450) 926-0866,;,Rive Sud-Ouest,3
Général,DEPANNEUR SIMONE,Jasmin Faucher,Telephone,(450) 658-1980,DEPANNEURSIMONE@HOTMAIL.COM;,Rive Sud-Ouest,3
Général,EPICERIE DU COIN COWANSVILLE,Rejean Piette,Courriel,(450) 263-0292,EPICERIEDUCOIN@VIDEOTRON.CA;,Rive Sud-Ouest,3
Général,FRUITS ET LEGUMES TARDIF INC,Stephane,Telephone,(450) 659-6449,ROXANNEM@BELLNET.CA;,Rive Sud-Ouest,3
Général,GROUPE BSG,Isabelle Martel 514.715.2813,Telephone,(450) 349-6488,shell230@depanneurgrimard.com;,Rive Sud-Ouest,3
Général,IGA ALIMENTATION FAMILLE GAOUETTE,Emmanuel/Hugo,Courriel,(450) 469-3536,iga08291direction@sobeys.com;,Rive Sud-Ouest,3
Général,IGA Alimentation Martin Lamarre,Alexandre Dagenais (514-268-6340) .,Telephone,(450) 445-1224,;,Rive Sud-Ouest,3
Général,IGA EXTRA LAMBERT,Jean-Pierre,Telephone,(450) 659-3434,iga08032epicerie@sobeys.com;,Rive Sud-Ouest,3
Général,IGA EXTRA MARCHÉ GAZAILLE (GRANBY),GUILLAUME(super gentil) .,Telephone,(450) 361-3464 104,IGA08212COMPTABILITE@SOBEYS.COM;,Rive Sud-Ouest,3
Général,IGA EXTRA MARCHE LAMBERT 8031,Denis/ Sébastien Pharand .,Telephone,(450) 659-1611,;,Rive Sud-Ouest,3
Général,IGA EXTRA MARCHE VINCENT(FAMILLE) 8506,Alain Vincent,PivoHub/Courriel,(450) 670-6135,papaarch10@hotmail.com;,Rive Sud-Ouest,3
Général,IGA EXTRA PERREAULT GELINAS,Marjorie Après 16h covid,Telephone,(450) 376-4990,IGA08097COMPTABILITE@SOBEYS.COM;,Rive Sud-Ouest,3
2% Gestion,IGA MARCHE LAMBERT CARIGNAN,Nicolas Brousseau,Courriel,(450) 572-1001,iga8532biere@hotmail.com;,Rive Sud-Ouest,3
Général,IGA MARCHE MICHEL LEMIEUX,Alain / Dominic (ext 235),Telephone,(450) 658-1831,IGA08497COMPTABILITE@SOBEYS.COM;,Rive Sud-Ouest,3
Général,IGA MARCHÉE LACOSTE HÉBERT,PATRICK LACOSTE .,Cell Phone,450-677-2869,IGA00521PATRICK.LACOSTE@SOBEYS.COM;,Rive Sud-Ouest,3
Général,IGA MINI CHATEAUGUAY,Max,Telephone,(450) 691-1160,IGA06141CHATEAUGUAY@SOBEYS.COM;,Rive Sud-Ouest,3
Général,IGA PLACE LONGUEUIL*,MAXIME LEBLANC .,Telephone,(438) 887-0916 texto,IGA00360LONGUEUIL@SOBEYS.COM;,Rive Sud-Ouest,3
Général,LA BIERE À BOIRE INC.(spécialité super belle boutique),FÉLIX FONTAINE .,Cell + Email,(514) 216-2437,labiereaboire@gmail.com;,Rive Sud-Ouest,3
Général,Le Detour Depanneur,Vincent Win?,Cell + Email,,vincentwin1518@gmail.com;,Rive Sud-Ouest,3
Général,Les marche Valerie et Martin (Longueuil),Marc Lemire Cell: 514-606-4561,Telephone,(450) 646-4302,iga08544compt@sobeys.com;,Rive Sud-Ouest,3
Général,MARCHE G CARDINAL,J-François Cardinal,Cell + Email,(450) 638-0360,METROCARDINAL@VIDEOTRON.CA;,Rive Sud-Ouest,3
Général,MARCHE PERREAULT ET GELINAS INC,Samuel .,Cell Phone,(450) 359-4110,iga08241epicerie@sobeys.com;,Rive Sud-Ouest,3
Général,Marché Y. Gosselin et Fils,Sébastien Beaupré,Cell + Email,(450) 298-5202,marchegosselin737@outlook.com;,Rive Sud-Ouest,3
Général,METRO 0205 : METRO MARCHE BELLEMARE INC,Martin cell:514-207-2320,Telephone,(450) 466-6850,MA000205MGR@METRO.CA;,Rive Sud-Ouest,3
2% Gestion,METRO 0308 : METRO DROUIN,Marc Girard abs. merc. (pas de frigo),Telephone,(450) 679-4570,MA000308ADM@METRO.CA;,Rive Sud-Ouest,3
2% Gestion,METRO 20464 : METRO PLUS PLACEMENT ROBERT BELLEMARE,Michel poulain,Courriel,(450) 671-8885,ma020464opr@metro.ca;,Rive Sud-Ouest,3
2% Gestion,METRO 2232: METRO CHATEAUGUAY,Patrick,Courriel,(450) 699-8796,renko@hotmail.ca;,Rive Sud-Ouest,3
2% Gestion,METRO 2340: METRO MARIEVILLE,Melissa/Denis / Sebastien,Telephone,(450) 460-4480,MF022340OPR@METRO.CA;,Rive Sud-Ouest,3
2% Gestion,METRO 2429 : METRO EPICERIE (9364-2452 QC INC),Pierre Fournier av15h,Telephone,(450) 638-9022,;,Rive Sud-Ouest,3
2% Gestion,METRO 2459 : ALIMENTATION YAN GIROUX DESGRANGES,DOMINIQUE .,Telephone,(450) 444-2300,MF022459OPR@METRO.CA;,Rive Sud-Ouest,3
2% Gestion,METRO 25940: METRO SUPER C ST-JEAN SÉMINAIRE,YVON .,Telephone,450-348-3192,ms025940opr@metro.ca;,Rive Sud-Ouest,3
2% Gestion,METRO 5955 : METRO SUPER C COWANSVILLE,Anthony,Telephone,450-263-2955,MS005955OPR@METRO.CA;,Rive Sud-Ouest,3
Général,PROVIGO GRANBY (8463),Yvon Parent,Telephone,(450) 372-8014,SMP8463P@PROVIGO.CA;,Rive Sud-Ouest,3
Général,PROVIGO LE MARCHÉ LONGUEUIL 8776,CINTHYA PINARD .,Cell + Email,(450) 647-1717,smp8776g@provigo.ca;,Rive Sud-Ouest,3
Général,SHELL ST-ALPHONSE DE GRANBY,Pascal .,Telephone,(450) 994-6968,BERGPAS19@GMAIL.COM;,Rive Sud-Ouest,3
Super C Granby 5926,Luc Lemers / Michael Jemmé .,Telephone,(450) 378-8082,ms005926opr@metro.ca;,Rive Sud-Ouest,3
2% Gestion,Super C St-Hubert #5947,Christian Desmers,Phone,(450) 443-9779,;,Rive Sud-Ouest,3
Général,SUPER MARCHE PRIMEAU ET FILS(rénovation place frigos),Jonathan Grieco  (appelé le 25 mars) .,Telephone,(450) 454-2262,iga08581jonathan.grieco@sobeys.com;,Rive Sud-Ouest,3
2% Gestion,4556 METRO RICHELIEU (Les investissements Sylvain Rathé inc.,Sylvain Rathe,,(450) 659-1098,;,Rive Sud-Ouest,4
Général,COMPTOIR SUTTON L'EPICERIE CAFE DUNHAM,Marie-Josee / Evelyne,Courriel,(579) 436-8821,LEPICERIECAFEDUNHAM@YAHOO.CA;,Rive Sud-Ouest,4
Général,MARCHE HDAUPHINAIS INC,Jacob Dauphinais,Cell + Email,(450) 246-2252,iga00379hautedirection@sobeys.com;,Rive Sud-Ouest,4
Général,WJW LONGUEUIL,MARC LEMIEUX .,Telephone,(450) 748-0744,WJWLONGUEUIL@GMAIL.COM;,Rive Sud-Ouest,4
Général,LOUIS PUB,Martin Laliberte,Cell + Email,(579) 488-4852 cell,MARTIN@LOUISPUB.COM;,Rive Sud-Ouest,2,csp
Général,O'BLON,Sam,Courriel,() -,SAM@RESTAURANTOBLON.COM;,Rive Sud-Ouest,2,csp
Autres clients,POISSONERIE COWIE,CARL .,Telephone,(450) 521-6116,;,Rive Sud-Ouest,2,csp
Général,AUBERGE SUTTON BROUERIE,email Eric,Courriel,(450) 538-0005,commandes@aubergesuttonbrouerie.com;,Rive Sud-Ouest,3,csp
Général,BISTRO CAFE DELICES INC,Antoine Fournier,Courriel,(514) 817-1072 CELL,BISTROCAFEDELICES@HOTMAIL.COM;,Rive Sud-Ouest,3,csp
Général,BISTRO LA TRINQUETTE (CSP),Amelie,Courriel,(450) 349-1811,BISTROLATRINQUETTE@HOTMAIL.COM;,Rive Sud-Ouest,3,csp
Microbrasserie,BRASSERIE ELEMENTS,James Guillaume,Courriel,(450) 486-9061,ADMIN@BRASSERIEELEMENTS.COM;,Rive Sud-Ouest,3,csp
Général,Glen Morgan'a,Glen Morgan's,,(514) 835-9264,glenmorgans@hotmail.com;,Rive Sud-Ouest,3,csp
Général,PUB CHEZ MORSE,Marianne,Courriel,(514) 621-8550,morsemaggy@gmail.com;,Rive Sud-Ouest,3,csp
Général,BAR LES COUSINS,Adaina Smyth 450-500-9163,Telephone,450-500-9163,ASMYTH@ALTHOTELS.CA;,Rive Sud-Ouest,4,csp
DBSQ,BISTRO LES ASSOIFFES,etienne / Audrey,Courriel,(450) 671-8901,LESASSOIFFES@HOTMAIL.COM;,Rive Sud-Ouest,4,csp
DBSQ + AA,EPICERIE LAUZIERE (William),Caroline / Laurie c. 514-892-1671,Courriel,(819) 472-2416,microlauziere@yahoo.com;,Rive Sud-Est,1
DBSQ + AA,LA GRANGE À HOUBLON (william),Pierre-Luc / Fabienne,Courriel,(579) 363-3363,LAGRANGEAHOUBLON@GMAIL.COM;,Rive Sud-Est,1
DBSQ,STATION DES BIÈRES Beloeil (Carl),Carl 819-239-7653 Raphael 514-265-3237 Apres 10h mercredi,Courriel,(450) 464-6767,STATIONDESBIERES@OUTLOOK.FR;,Rive Sud-Est,1
DBSQ,BIÈRES ET SAVEURS,Suzie - Alain,Courriel,(819) 604-1304,besterroir@hotmail.com;,Rive Sud-Est,2
Général,DEPANNEUR DESVERGER,Stephanie Bachand,Pivohub / tel,(450) 446-6050,desvergers459@gmail.com;shanonmeilleur1@hotmail.com,Rive Sud-Est,2
AA,DEPANNEUR LA RESSOURCE (William),Frederic c.514-774-1955,Courriel,(450) 655-3091,dep.laressource@gmail.com;,Rive Sud-Est,2
Général,DEPANNEUR LIONEL BOULET,Guillaume Lavallee (3 commerces) 514-893-4627,Telephone,(450) 985-1748,GUILLAUMEX2008@GMAIL.COM;,Rive Sud-Est,2
Général,DEPANNEUR VOISIN (DRUMMONDVILLE) (William),Stephane :),Telephone,(819) 818-0474,BLANCHETTESTEPHAN@ME.COM;,Rive Sud-Est,2
Général,IGA MARCHE CLEMENT,Yannick Cournoyer,Cell + Email,(819) 314-7666,yannickcournoyer@hotmail.com;,Rive Sud-Est,2
Général,LOBLAWS INCLE MARCHE ST-BRUNO,Simon Gagnon / Philippe Veut être DBSQ Frigo pour nos bieres,Telephone,(450) 653-0433,SMP8455G@PROVIGO.CA;,Rive Sud-Est,2
Général,MARCHE HOUBLONNE (william),Dominic Fillion,Telephone,(819) 701-6248,marchehoublonne@gmail.com;,Rive Sud-Est,2
DBSQ,MARCHÉ TRADITION ROCHETTE (LA CAVE À BIÈRE),Stéphane Rochette .,Courriel,450-548-5785,TRA08694ROXTONFALLS@SOBEYS.COM;,Rive Sud-Est,2
Général,8053 IGA MARCHE PEPIN MCMASTERVILLE,Guillaume (pm si pas de courriel),Cell + Email,(450) 464-3404,iga08053epicerie@sobeys.com;,Rive Sud-Est,3
Général,ACCOMODATION GAZ STORE,Stephane Patry,Courriel,819 358-5988,gazstore@telwarwick.net;,Rive Sud-Est,3
Général,Alimentation Isabelle & McCarty inc.,Caroline Isabelle,Cell + Email,(819) 363-3271,tra08684kingseyfalls@sobeys.com;,Rive Sud-Est,3
Général,Alimentation Sevigny ib Inc.,Christian Sevigny,Cell + Email,(514) 620-4443,iga08367christian.sevigny@sobeys.com;,Rive Sud-Est,3
Général,ARACHIDES DÉPÔT BELOEIL,Roxanne Lessard,Telephone,(450) 339-3299,arachidesdepotbeloeil@videotron.ca;,Rive Sud-Est,3
Général,AU COIN DES PICOLEURS - BOUCHERVILLE (ANCIENNEMENT DEPANNEUR MAXI),Stephane 514-968-9279,Courriel,(450) 857-0808,aucoindespicoleurs@hotmail.com;,Rive Sud-Est,3
Général,BEAUSOIR VICTO-BSG,Yan Chabot 819-460-3694,Courriel,(819) 330-5555,YANCHABOT@ODACITE.CA;,Rive Sud-Est,3
Général,Depanneur 122,JIN XUE WANG 514-885-7999,Cell + Email,(819) 730-0193,jinxuewang@gmail.com;,Rive Sud-Est,3
Depanneur Allard,Vicky Bergeron,Cell + Email,(819) 472-5160,depallard@hotmail.ca;,Rive Sud-Est,3
2% Gestion,Depanneur Hemming,Mathieu Surprenant,Phone,(819) 477-3094,;,Rive Sud-Est,3
Général,DEPANNEUR LAC DES CÈDRES,James Simoneau,Courriel,(819) 357-7331,AMOINEAU@VIDEOTRON.CA;,Rive Sud-Est,3
Général,DEPANNEUR LE NID,Simon .,Courriel,(450) 653-3593,SIMON168@VIDEOTRON.CA;,Rive Sud-Est,3
Général,DEPANNEUR MAXI,Isabelle 514-928-4713,Courriel,(514) 928-4713,DEPANNEURMAXI@HOTMAIL.COM;,Rive Sud-Est,3
Général,DEPANNEUR NOEMIE 1,eric,Telephone,(514) 707-3062,JOSEE@DEPANNEURGRIMARD.COM;,Rive Sud-Est,3
Général,DEPANNEUR NOEMIE 2,eric,Telephone,(514) 707-3062,ADMIN@DEPANNEURGRIMARD.COM;,Rive Sud-Est,3
Général,DEPANNEUR STE-JULIE,Georges .,Courriel,(450) 922-3550,BEAUSOIRSTEJULIE@GMAIL.COM;,Rive Sud-Est,3
Général,Groupe Guérette,Maxime Croft,Cell + Email,(819) 477-3079,dv05702drummondville@sobeys.com;,Rive Sud-Est,3
Général,IGA ALIMENTATION SOGESCO,Alexandre Bilodeau,Courriel,(450) 773-7582,IGA08327epicerie@SOBEYS.COM;,Rive Sud-Est,3
Général,IGA EXTRA ANDRE TELLIER (281),Catherine (LUNDI) / Bruno,Telephone,(450) 780-2780,iga00281comptabilite@sobeys.com;,Rive Sud-Est,3
IGA extra Les entreprises Clément Ruel #523,olivier bergeron michael bernier,Telephone,(819) 472-1107,;,Rive Sud-Est,3
2% Gestion,IGA EXTRA MARCHE LAMBERT ET FRÈRES,Stephane (pas mercredi) poste 217,Courriel,(450) 441-3800,spouache@hotmail.com;,Rive Sud-Est,3
Général,IGA FAMILLE JODOIN,Mario Carrier,Courriel,(450) 773-0333,IGA08537COMPTABILITE@SOBEYS.COM;,Rive Sud-Est,3
Général,IGA FAMILLE JODOIN 0380 (ST-HYACINTHE),YVES BASINET/MELANIE BLOUIN . Les Mardis en PM,Telephone,450-774-4189,IGA00380STHYACINTHE@SOBEYS.COM;,Rive Sud-Est,3
Général,IGA Marche Clement St-charles inc,Julien Besset,Phone,(819) 477-5222,iga08077compt@sobeys.com;,Rive Sud-Est,3
2% Gestion,IGA MARCHE LAMBERT ST-BRUNO,Remi,Courriel,(450) 653-4466,biereigastbruno@gmail.com;,Rive Sud-Est,3
Général,IGA MINI - SAINT-BRUNO,Manon / Sylvie,Telephone,(450) 441-1860,;,Rive Sud-Est,3
Général,IGA SAINT-AMABLE,Francis / eric Raymond,Courriel,(450) 649-2053,iga00291direction@sobeys.com;,Rive Sud-Est,3
Général,IGA STE-JULIE,Richard (Pas Mardi) (514) 863-9093,Telephone,(450) 649-4078,iga08187faubourgstejulie@sobeys.com;,Rive Sud-Est,3
Général,IGAACTON 8263 ERNEST JOLY ET FILS INC,Normand Côte Poste 6,Courriel,(450) 546-7733,IGA08263EPICERIE@SOBEYS.COM;,Rive Sud-Est,3
Général,ILS EN FUMENT DU BON INC BOUCHERVILLE,Vincent ou Jules Préciser boucherville,Courriel,(514) 286-1286,boutique@ilsenfumentdubon.com;,Rive Sud-Est,3
Général,L'EPICIER DU CENTRE,Ghislain St-Amand,Telephone,(450) 768-2554,epicier@cgocable.ca;,Rive Sud-Est,3
Général,LES MARCHES PEPINS INC BELOEIL,Luc Benoit 514-235-4947,Telephone,(450) 464-4219,IGA08137epicerie@SOBEYS.COM;,Rive Sud-Est,3
Général,Les Marchés Valerie et martin varennes inc,Daniel Laflamme eric gougeon,Telephone,(450) 929-0405,;,Rive Sud-Est,3
Général,LOBLAWS INC - PROVIGO BOUCHERVILLE,Michael 514-409-5794,Telephone,(450) 641-0232,smp8774g@provigo.ca;,Rive Sud-Est,3
Général,MARCHE DESSAULLES,Martin Carmel,Courriel,(450) 778-5558,EPICERIE@MARCHEDESSAULLES.COM;,Rive Sud-Est,3
Général,MARCHE SYLVAIN MARTEL INC,Dominic,Telephone,(450) 779-9842,TRA00791MARCHEMARTEL@SOBEYS.COM;,Rive Sud-Est,3
maxi 8772 DRUMMONDVILLE,KEVIN DESLAURIERS,Cell Phone,(819) 472-1197,max8772d@provigo.ca;,Rive Sud-Est,3
MAXI SOREL 8968,Michel Bergeron Pierre Auger ass gerant,,(450) 746-3988,max8968d@provigo.ca;,Rive Sud-Est,3
2% Gestion,METRO 0348 : METRO SUPER MARCHE FAMILLE RIENDEAU,julien . 514-513-0425 cell.,Telephone,(450) 922-2035,STE-JULIE@BELLNET.CA;,Rive Sud-Est,3
2% Gestion,Metro 0732 Boucherville,Albert Messier c. 514-966-5851,Courriel,(450) 655-2634,;,Rive Sud-Est,3
2% Gestion,METRO 0796 : METRO SUPERMARCHE MONT ST-HILAIRE (William),Sylvie Nadeau Indépendant avec Frigo,Telephone,(438) 870-5696,ST-HILAIRE796@BELLNET.CA;,Rive Sud-Est,3
2% Gestion,METRO 1040 : METRO MARCHE RIENDEAU BELOEIL INC,stephane theriault absent mercredi,Telephone,(450) 536-1113,MA001040OPR@METRO.CA;,Rive Sud-Est,3
2% Gestion,METRO 1371 : METRO MARCHE GUILMAIN INC,Manon Guilmain,Telephone,(450) 546-2759,MARCHEGUILMAIN@HOTMAIL.COM;,Rive Sud-Est,3
2% Gestion,METRO 22091 : METRO VERCHÈRES,Rene / Michael (pas mardi) / Louis Il dit qui connait son listing inventaire par coeur,Telephone,(450) 583-5256,MF022091OPR@METRO.CA;,Rive Sud-Est,3
2% Gestion,METRO 22327: METRO LEMIRE,louis .,Telephone,(819) 472-8091,MF022327OPR@METRO.CA;,Rive Sud-Est,3
2% Gestion,METRO 2425 : METRO DES PROMENADES (William),Guillaume Petit 819-461-6556,Telephone,(819) 472-6229,MF022425OPR@METRO.CA;,Rive Sud-Est,3
2% Gestion,METRO 2602 : METRO VICTORIAVILLE,David 819-740-3228,Telephone,(819) 751-0101,MF022602OPR@METRO.CA;,Rive Sud-Est,3
2% Gestion,Metro 5961 Boucherville,Sébastien Dupont,Phone,(450) 655-8111,ms005961opr@metro.ca;,Rive Sud-Est,3
2% Gestion,METRO 9323 - Epicerie des pins,Dominique Ayotte,,(819) 478-5377,dom.ayotte@cgocable.ca;,Rive Sud-Est,3
Général,Restaurant Depanneur Rioux,Julie Rioux,Cell + Email,(819) 364-7004,restodeprioux@hotmail.com;,Rive Sud-Est,3
Général,ROSE DRUMMOND 2017,Amélie responsable,Courriel,(819) 474-3488,info@rose.ca;,Rive Sud-Est,3
Super C DRUMMONDVILLE 5909,Frederic Ally,Courriel,(819) 474-2702,ms005909opr@metro.ca;,Rive Sud-Est,3
SUPER C ST-HYACINTHE26139,Antoine .,Phone,(450) 771-1651,ms026139opr@metro.ca;,Rive Sud-Est,3
TITE FRETTE ST-HYACINTHE,Jeremie 514-717-5535,PivoHub/Courriel,(450) 768-4520,achat@titefrette.ca;,Rive Sud-Est,3
ULTRAMAR (9135-79-62 INC.),Daniel Lévesques Cell: 450-493-9275,,(450) 467-9275,DESJEAN@CGOCABLE.CA;,Rive Sud-Est,3
Général,VOISIN SAINT-BRUNO,Carol-Ann rivest,Courriel,(450) 441-0033,DV01019STBRUNO@SOBEYS.COM;,Rive Sud-Est,3
Général,WILLIAM J WALTER MONT-ST-HILAIRE,Eric Lebrun,Courriel,(450) 813-7323,ericlebrun23@gmail.com;,Rive Sud-Est,3
Général,WJW SAINT-BRUNO,Marie (LUNDI),Telephone,(450) 461-3033,WJWSTBRUNO@HOTMAIL.COM;,Rive Sud-Est,3
2% Gestion,5327 METRO 9324-7989 QUÉBEC INC.,XIAO JUN HUANG .,Telephone,(819) 758-0997,;,Rive Sud-Est,4
Général,ALIMENTATION ST-PIE,David Lafrance,Courriel,(450) 772-2551,tra08750stpie@sobeys.com;,Rive Sud-Est,4
Général,DEPANNEUR CHEZ CLAUDE,Marcel Rault,Telephone,(819) 350-1300,marcel.rheault@hotmail.com;,Rive Sud-Est,4
Général,MAGASIN GENERAL DE STE-ELISABETH,stephanie 819-740-3656,Courriel,(819) 358-2136,stephanieouellet2201@gmail.com;,Rive Sud-Est,4
Général,MARCHE TRADITION 8791,Denis Picard,Phone,(819) 399-2193,;,Rive Sud-Est,4
2% Gestion,METRO 0333 : METRO MESSIER FORT ST-LOUIS,Denis Methe off mercredi,Telephone,(450) 655-9026,;,Rive Sud-Est,4
2% Gestion,METRO 2036 : METRO TRACY - ALIMENTATION SYLVAIN BRIÈRE,Francois,Telephone,(450) 742-8227,MF002036OPR@METRO.CA;,Rive Sud-Est,4
Général,PROVIGO KARYNE NICOLAS,eric .,Courriel,(450) 649-2421,SMP8670g@PROVIGO.CA;,Rive Sud-Est,4
Général,ARACHIDES DEPÔT VICTORIAVILLE,GAETAN .,Telephone,(819) 604-6655,klessard@arachides-depot.ca;,Rive Sud-Est,5
Général,LE RACHEL,Gabriel / Mathieu 514.774.2391 Rien commandé depuis mai 2019,Telephone,(819) 850-5300,LERACHELRESTAURANT@OUTLOOK.COM;,Rive Sud-Est,2,csp
Général,PUB LE ST-GEORGES (william),Malek,Courriel,(819) 472-9265,malek@cgocable.ca;,Rive Sud-Est,2,csp
BISTRO DE LA GARE,FRANCOIS TIMMONS,Email,(819) 477-0877,info@bistrodelagare.ca;,Rive Sud-Est,3,csp
Général,ETABLIE BRASSERIE URBAINE,ISABELLE RICHER .,Telephone,(819) 850-3030,;,Rive Sud-Est,3,csp
Général,LA BABOCHE-BISTRO À BROUE,Frederick Roy,Courriel,(450) 513-0022,baboche@lababoche.com;,Rive Sud-Est,3,csp
Général,LA SAINTE PAIX,Carolane Bergeron 418-956-1216,Courriel,(819) 850-4474,cbergeron@saintepaix.com;,Rive Sud-Est,3,csp
Général,LE 200 BROCK,Steve Plante 10AM,Telephone,(819) 850-9199,info@le200brock.com;,Rive Sud-Est,3,csp
Général,LES BRASSEUR DU MOULIN,Pascal / David Lamoureux,Courriel,(450) 527-1133,DAVIDLAMOUREUX1120@GMAIL.COM;,Rive Sud-Est,3,csp