Classification,Name,Contact,Communication_Preference,Phone,Invoice_Email,Route,Rating,csp,matchname,city,street,postalcode
2% Gestion,2430 (METRO) Alimentation Marie-Josée Bernard inc.,Mathieu Durivage,Telephone,5143008905,mf022430mgr@metro.ca,MTL Ouest,3,,No match,N/A,N/A,N/A
2% Gestion,2436 ALIMENTATION DANIEL CREVIER INC.,PETER .,Telephone,5147373511,,MTL Ouest,3,,METRO/:METRO PLUS 2436 - ALIMENTATION DANIEL CREVIER,MONTRÉAL QUÉBEC H1C1V6,"11011, BOULEVARD MAURICE DUPLESSIS",H1C1V6
2% Gestion,2455 ALIMENTATION GIOVANNI RUSSO (2004) INC.,Santa santa,Cell Phone,5146955811,,MTL Ouest,3,,METRO/:2455 ALIMENTATION GIOVANNI RUSSO (2004) INC.,BEACONSFIELD,"50, BOUL, SAINT-CHARLES, SUITE 17",H9W-2X3
2% Gestion,5941 VAUDREUIL,Sébastien ABSENT MARDI,Telephone,4504556222,,MTL Ouest,3,,METRO/:METRO SUPER C 5941 VAUDREUIL,VAUDREUIL,"44, CITÉ DES JEUNES",J7V9L5
2% Gestion,6814 AMI (DEPANNEUR GRENIER),martin il tient pas nos produits,Telephone,4502692505,,MTL Ouest,3,,No match,N/A,N/A,N/A
Général,COMPTOIR GOURMAND DELISSIMO (WJW),Linda,Courriel,4509212321,DELISSIMO-WJW@HOTMAIL.FR,MTL Ouest,3,,No match,N/A,N/A,N/A
Général,DEPANNEUR AU COIN DULUTH,Yan . anglo,Telephone,5142888830,AUCOINDULUTH1@YAHOO.FR,MTL Ouest,3,,SOBEYS:IGA 3733 DEPANNEUR AU COIN DULUTH. - 00409,MONTREAL,418 AV. DULUTH EST,H2L1A3
Dépanneur Baktar Attila,Parviz Azizi,Cell + Email,4503730606,cheminlarocque526@gmail.com,MTL Ouest,3,,DEPANNEUR BAKTAR INC,VALLEYFIELD,526 CH. LAROQUE,J6T4C5
Général,Depanneur Card's,Dany Cardinal,Cell Phone,4503734313,depanneurcards@hotmail.ca,MTL Ouest,3,,DEPANNEUR CARDS -  00818,VALLEYFIELD,"380, RUE DANIS",J6S1M7
Général,DEPANNEUR CHEZ CLAUDE ET CLAUDETTE,ROBERT .,Telephone,5149330833,robertkim00@gmail.com,MTL Ouest,3,,DEPANNEUR CHEZ CLAUDE ET CLAUDETTE - 00774,MONTREAL,4131 RUE ST-ANTOINE OUEST,H4C1C2
Général,DEPANNEUR LECLERC DE LUNE,élie .,Courriel,5142796498,ELIETANAL@HOTMAIL.COM,MTL Ouest,3,,DEPANNEUR LECLERC DE LUNE. - 00410,MONTRÉAL QUÉBEC H2S1N9,35 ST-ZOTIQUE OUEST,H2S1N9
Général,DEPANNEUR PARISOIR,Gilbert / Malouf Specialité mais aucun volume,Cell + Email,5147473574,gilbertocanada@hotmail.com,MTL Ouest,3,,DEPANNEUR PARISOIR. - 00411,ST LAURENT,598 BOULV DECARIE,H4L3K9
Général,DEPANNEUR VILLENEUVE,Vicky,Courriel,5148348002,depa5142786774@gmail.com,MTL Ouest,3,,DEPANNEUR VILLENEUVE. - 00412,MONTRÉAL QUÉBEC H2V2R2,"251, VILLENEUVE OUEST",H2V2R2
EPICERIE DEPANNEUR VIDEO,CLAUDE/TI-BI .,Telephone,4504522729,DEPANNEUR.VIDEO@VIDEOTRON.CA,MTL Ouest,3,,METRO/:EPICERIE DEPANNEUR VIDEO 5685 - 00743,LES CEDRES QUÉBEC J7T 1J3,200-C CHEMIN ST-FÉRÉOL,J7T1J3
Général,ÉPICERIE MODERNE,SOPHIE RICHARD (514.569.0062) .,Courriel,4383861668,COBRAGIRL.01@GMAIL.COM,MTL Ouest,3,,No match,N/A,N/A,N/A
IGA 8253 Marché Atwater,Thierry Fournier ou Guy,,5149330995,iga08253westmount@sobeys.com,MTL Ouest,3,,SOBEYS:IGA 8253 - MARCHE ATWATER. - 00415,MONTRÉAL QUÉBEC H3Z 1X5,1500 AVENUE ATWATER,H3Z1X5
IGA 8378 Extra Vincent,Claude c. 450-921-1958,Cell + Email,4503730251,claude_vincent@cgocable.ca,MTL Ouest,3,,IGA 8378 - EXTRA VINCENT. - 00416,VALLEYFIELD,1366 BOUL. MONT-SEIGNEUR LANGLOIS,J6S1E3
IGA EXTRA FAMILLE LALONDE,Enrico Lalonde,PivoHub/Tel/Courriel,5146855252,iga00517compt@sobeys.com,MTL Ouest,3,,IGA EXTRA FAMILLE LALONDE,DOLLARD-DES-ORMEAUX,11800 DE SALABERRY,H9B2R8
Général,IGA EXTRA FAMILLE VIAU (8248),Mike Deschambeault c. 450-802-8184,Courriel,4504551230,mike@microtournee.com,MTL Ouest,3,,IGA EXTRA FAMILLE VIAU (8248). - 00418,VAUDREUIL-DORION J7V1Y3,249 BLD HARWOOD,J7V1Y3
IGA EXTRA ST-HENRY,PATRICK VERREAULT,Pivohub / tel,5145664221,iga08063hautedirection@sobeys.com,MTL Ouest,3,,No match,N/A,N/A,N/A
Général,IGA Famille Drolet et Paquette,bobby rochefort,Courriel,4502678177poste636,iga08029coteaudulac@sobeys.com,MTL Ouest,3,,No match,N/A,N/A,N/A
Général,IGA FAMILLE DUCHEMIN,Lucie Racine Daniel Duchemin,Telephone,5143368085,IGA08547SAINTLAURENT@SOBEYS.COM,MTL Ouest,3,,IGA FAMILLE DUCHEMIN. - 00420,VILLE ST-LAURENT QUÉBEC H4R0M6,5600 BOUL. HENRI BOURASSA OUEST,H4R0M6
Général,IGA LACHINE-8316,François Nantel,Courriel,5146340124,IGA08316MARCHEJEV@SOBEYS.COM,MTL Ouest,3,,IGA LACHINE (8316). - 00421,LACHINE QUÉBEC H8S3Z4,"490, 28 IÈME AVENUE",H8S3Z4
Général,IGA SUPERMARCHE DON QUICHOTTE,Simon,Courriel,5144533027,IGA00282HAUTEDIRECTION@SOBEYS.COM,MTL Ouest,3,,IGA SUPERMARCHE DON QUICHOTE. - 00422,ÎLE PERROT QUÉBEC J7V6L7,110 BOUL DON QUICHOTE,J7V6L7
Général,MARCHE DE L'ALIMENTATION IGA CHAMPAGNE,Michael,Telephone,5148895593,iga08303verdun@sobeys.com,MTL Ouest,3,,No match,N/A,N/A,N/A
Général,MARCHE G LALIME,Max Lalime (am),Telephone,5142734477,D.LALIME@HOTMAIL.CA,MTL Ouest,3,,MARCHE G. LALIME. - 00425,MONTRÉAL,"6436, ST-LAURENT",H2S3C4
2% Gestion,METRO 0455: METRO FORDHAM,shirley-anne poste 630 cell 450-567-2820,Telephone,4502673343,shirley@metrofordham.com,MTL Ouest,3,,METRO/:MÉTRO 455 - FORDHAM,SAINT-ZOTIQUE QUÉBEC J0P1Z0,350 PRINCIPALE,J0P1Z0
2% Gestion,METRO 22368 : ALIMENTATION ERIC DA-PONTE,Rene Temps d'attente très long,Telephone,5147387377,MF022368OPR@METRO.CA,MTL Ouest,3,,METRO/:MÉTRO ALIMENTATION ÉRIC DA-PONTE 22368.,MONTRÉAL,"5150, ch. de la Côte des Neiges",H3T1X8
2% Gestion,METRO 22399 : ALI FIORELLO VELLUCCI ( westmount ),Denis Cyr (midi),Telephone,5144884083,MF022399OPR@METRO.CA,MTL Ouest,3,,METRO/:MÉTRO ALI. FIORELLO VELLUCCI 22399.,WESTMOUNT,"4840, RUE SHERBROOKE OUEST",H3Z1G8
2% Gestion,METRO 2288 : METRO VAUDREUIL,Christine cell:514-515-1775,Telephone,4504246516,MF022288OPR@METRO.CA,MTL Ouest,3,,No match,N/A,N/A,N/A
2% Gestion,METRO 2289 : METRO LES 5 SAISONS,Jean Jamais mercredi,Courriel,5142761244,MF022289OPR@METRO.CA,MTL Ouest,3,,METRO/:MÉTRO LES 5 SAISONS - 2289.,OUTREMONT,"1180, AVE BERNARD",H2V1V3
2% Gestion,METRO 2330 : ALIMENTATION GUY LEVAC INC,Daniel (je lui ai dis ce qui a de besoin :),Telephone,4503701444,MF022330OPR@METRO.CA,MTL Ouest,3,,METRO/:MÉTRO ALIMENTATION GUY LEVAC INC - 2330.,SALLABERRY-DE-VALLEYFIELD,"398, Ch. Larocque",J6T4C5
2% Gestion,METRO 2391 : ALIMENTATION D COUTU (1996) INC,Daniel Robichaud apres 14h,Telephone,5146976520,MF022391OPR@METRO.CA,MTL Ouest,3,,METRO/:MÉTRO ALIMENTATION D. COUTU (1996) INC 2391.,POINTE-CLAIRE,"325, BOUL ST-JEAN",H9R3J1
Général,METRO 2416 : ALIMENTATION FRANÇOIS GERMAIN,Daniel Savard,Telephone,5149384747,MF022416OPR@METRO.CA,MTL Ouest,3,,METRO/:MÉTRO ALIMENTATION FRANÇOIS GERMAIN 2416.,MONTRÉAL,1230 NOTRE-DAME OUEST,H3C1K6
Général,METRO 2423: ALIMENTATION ISABELLE PIERRE-AUGUSTE I,jessy .,,5148433530,,MTL Ouest,3,,METRO/:MÉTRO 2423 ALIMENTATION ISABELLE PIERRE-AUGUSTE I,MONTRÉAL H2X3P9,"3575, ave. Du Parc, suite 5100",H2X3P9
2% Gestion,Metro 2431 Plus Dollard (Alimentation Remi Arbour),Gerlin .,Phone,5143643492,mf022431opr@metro.ca,MTL Ouest,3,,No match,N/A,N/A,N/A
2% Gestion,METRO 2482 : ALIMENTATION ERIC HAUPTMAN (2004) INC,Luc,Telephone,5144885171,,MTL Ouest,3,,METRO/:MÉTRO ALIMENTATION KHALID AZA INC. 22482,MONTRÉAL,"5201, CHEM QUEEN MARY",H3W1Y2
2% Gestion,METRO SUPER C 5952 : ATWATER,Yan-Erick 514-917-0760 cell,Telephone,5149393542,,MTL Ouest,3,,METRO/:MÉTRO SUPER C ATWATER 5952,MONTRÉAL QUÉBEC H3J 2J4,147 AVENUE ATWATER,H3J2J4
Général,Provigo Île des Soeurs 8807,Maxime Gauthier,Cell + Email,5147617207,smp8807g@provigo.ca,MTL Ouest,3,,LOBLAW:PROVIGO ILE DES SOEURS,,LOBLAWS
Général,PROVIGO MONA TURBIDE,Walter .,Telephone,5144827273,SMP8657D@PROVIGO.CA,MTL Ouest,3,,No match,N/A,N/A,N/A
Général,Provigo montreal St-Jacques (8808),Graham Barret,Cell + Email,5144816959,smp8808g@provigo.ca,MTL Ouest,3,,LOBLAW:PROVIGO MONTREAL ST-JACQUES,,LOBLAWS
Général,Supermarche Lipari Inc,Tony 514-928-0772,Telephone,5144863254,iga00108epicerie@sobeys.com,MTL Ouest,3,,SUPERMARCHE LIPARI - 00825,COTE-ST-LUC,7151 CH. COTE-ST-LUC,H4V1J2
Général,SUPREMARCHE CLIFTON (MARCHE AMI),,Telephone,5144863851,,MTL Ouest,3,,SUPERMARCHE CLIFTON,LACHINE,6001 CH. UPPER,H4A2C3
WJW WALTER VAUDREUIL,luc laprairie,,4504553339,,MTL Ouest,3,,WILLIAM J. WALTER VAUDREUIL - 00826,VAUDREUIL-DORION,"22800 CH. DUMBERRY, #11",J7V0M8
Général,IGA GESTION FAMILLE DEZIEL,claude .,Telephone,4504243549,iga0056vaudreuil@sobeys.com,MTL Ouest,4,,IGA GESTION FAMILLE DEZIEL. - 00428,SUITE 500,585 ST-CHARLES
ITE500
Général,IGA MARTIN JPJ,Pierre Martin C. 514-273-9364,Courriel,5146842807,IGA08543COMPT@SOBEYS.COM,MTL Ouest,4,,IGA ALIMENTATION MARTIN J.P.J. - 00427,PIERREFOND QUÉBEC H8Y3K8,11130 MEIGHEN,H8Y3K8
2% Gestion,METRO 0206: METRO RIGAUD,Francois .,Courriel,4504510520,MA000206ADM@METRO.CA,MTL Ouest,4,,METRO/:MÉTRO RIGAUD 0206.,RIGAUD QUÉBEC JOP1P0,"466, CHEMIN GRANDE LIGNE",JOP1P0
2% Gestion,METRO 22434: METRO,Vincent .,Telephone,5147473145,,MTL Ouest,4,,METRO/:MÉTRO CÔTE-VERTU 2046.,MONTRÉAL,"740, boul. de la Côte-Vertu #134",H4L5C8
2% Gestion,METRO 2427 : ALIMENTATION ISABELLE PIERRE AUGUSTE,Leo Durocher 83jours - longue attente Tél,Telephone,5144863042,MF022423OPR@METRO.CA,MTL Ouest,4,,METRO/:MÉTRO 2427 ALIMENTATION ISABELLE PIERRE AUGUSTE.,MONTRÉAL,"6645, AVE SOMERLED",H4W1T3
2% Gestion,METRO 2435 : ALIMENTATION ALESSANDRO GENTILE INC,thomas ou amin,Telephone,5146952411,,MTL Ouest,4,,METRO/:MÉTRO ALIMENTATION ALESSANDRO GENTILE INC 2435.,KIRKLAND,"3801, ST-CHARLES",H294M4
Général,MARCHE FRANCY,Caroline Atine,Courriel,5148461296,,MTL Ouest,5,,MARCHE FRANCY. - 00424,MONTREAL,901 RUE CHARLEVOIX,H3K2Y9
2% Gestion,METRO 4509 : METRO DEPANNEUR ALAIN,Alain,Courriel,4503713157,DEPANNEURALAIN1@GMAIL.COM,MTL Ouest,5,,METRO/:MÉTRO DÉPANNEUR ALAIN - 4509.,SALLABERRY-VALLEYFIELD QUÉBEC J6S5A3,"950, RUE LÉGER",J6S5A3
2% Gestion,METRO 5944:METRO SUPER C VALLEYFIELD,René. 54jours rien,Telephone,4503734543,MS005944ADM@METRO.CA,MTL Ouest,5,,METRO/:MÉTRO SUPER C VALLEYFIELD 5944,VALLEYFIELD QUÉBEC J6S 1E3,"1620, BOUL. MRG LANGLOIS",J6S1E3
LE MONOPOLE CAFÉ,Gabriel Gallant,PivoHub/Courriel,5145049906,monopole.cafe@gmail.com,MTL Ouest,,csp,No match,N/A,N/A,N/A
Général,BIER MARKT,Ian McLeod,Courriel,5148647575,exploitation.montreal@recipeunlimited.com,MTL Ouest,1,csp,No match,N/A,N/A,N/A
Général,BISTRO VICE VERSA,Yan,Courriel,5148062100,sommelier@vicesetversa.com,MTL Ouest,1,csp,No match,N/A,N/A,N/A
Général,BAR DARLING,Marcos Almaguer,Courriel,5143791233,marcos@bardarling.com,MTL Ouest,2,csp,BAR DARLING. - 00434,MONTRÉAL QUÉBEC H2W1Z3,4328 BOUL ST-LAURENT,H2W1Z3
Microbrasserie,BRASSERIE HARRICANA,Francis Richer,Courriel,,mpveilleux@brasserieharricana.com,MTL Ouest,2,csp,No match,N/A,N/A,N/A
Général,CANDIDE,Carole (418-760380),Courriel,5144472717,info@restaurantcandide.com,MTL Ouest,2,csp,No match,N/A,N/A,N/A
Général,CONCEPT TOM MONTREAL,Gianni .,,5149495484,hugo.deligny@timeoutmarket.com,MTL Ouest,2,csp,No match,N/A,N/A,N/A
Général,FAIRMONT LE REINE ELIZABETH,Carmin Iantosca,Courriel,4385018050,carmine.iantosca@fairmont.com,MTL Ouest,2,csp,No match,N/A,N/A,N/A
PUB BREWSKEY,Guillaume,Courriel,5142402201,guillaume@brewskey.ca,MTL Ouest,2,csp,No match,N/A,N/A,N/A
Général,ACCORDS BISTRO,Vincent Bergeron,Courriel,5145082122,SOMMELLERIE-BISTRO@ACCORDS.CA,MTL Ouest,3,csp,ACCORDS BISTRO. - 00433,MONTRÉAL QUÉBEC H2X1K4,22 RUE STE-CATHERINE EST,H2X1K4
Général,LES 100 GENIS,Par Courriel Only,Courriel,5143968887,pub.gerant@aeets.com,MTL Ouest,3,csp,LES 100 GENIS. - 00431,MONTRÉAL QUÉBEC H3C 6M8,530 RUE PEEL,H3C6M8
Général,PUB CAFE LA MAÎTRESSE,Geneviève Cadrin,Courriel,4506015407,PUBCAFELAMAITRESSE@GMAIL.COM,MTL Ouest,3,csp,PUB CAFE LA MAITRESSE. - 00443,VALLEYFIELD QUÉBEC J6T1X2,144 RUE CHAMPLAIN,J6T1X2
Général,TAVERNE DE LA FERME,Summer Eastwood,Courriel,4508292028,Summer.eastwood@gmail.comINFO@TAVERNEDELAFERME.CA,MTL Ouest,3,csp,TAVERNE DE LA FERME. - 00444,ORMSTOWN QUÉBEC J0S1K0,24 RUE BRIDGE,J0S1K0
Général,9374-7889 QUEBEC INC.,Francois Dallaire Autre; 514-842-2912,Courriel,5149783865,francois@restaurantepik.com,MTL Ouest,4,csp,9374-9889 QUEBEC INC. - 00744,,"204, PLACE D'YOUVILLE"
Général,BIRRA BAR À BIÈRES,Weena Cliche,Courriel,5144473154,INFO@BIRRA.CA,MTL Ouest,4,csp,No match,N/A,N/A,N/A
Général,CARIBOU GOURMAND,Christophe .,Courriel,4383876677,CARIBOUBISTRO@GMAIL.COM,MTL Ouest,5,csp,No match,N/A,N/A,N/A
DBSQ + AA,BOUTIQUE BROUE HAHA,gilles pommet,Courriel,8195033906,commandes@brouehaha.com,Outaouais,1,,BOUTIQUE BROUE HA HA. - 00446,GATINEAU,"867, BOUL ST-RENÉ OUEST",J8T7X6
AA,DEPANNEUR RAPIDO,sandra gestionlopes@hotmail.com,Cell + Email,8196847345,gestionsandralopes@hotmail.com,Outaouais,2,,DEPANNEUR RAPIDO. - 00447,GATINEAU,"43, FRONT",J9H4X4
Général,IGA EXTRA DES GRIVES,Steven,Courriel,8197711616,sjp101@live.ca,Outaouais,2,,IGA EXTRA DES GRIVES. - 00448,GATINEAU QUÉBEC J9A0C7,203 BOUL. DES GRIVES,J9A0C7
Général,IGA EXTRA FAMILLE CHARLES,MARTIN GRAVEL,Telephone,8194592326,mgravel@marquevel.com,Outaouais,2,,SOBEYS:IGA 8371 CHELSEA. - 00454,CHELSEA QUÉBEC J9B1PA,1703 ROUTE 105,J9B1PA
Général,LE BRASSE-CAMARADE,Frederic,Courriel,8199831922,lebrassecamarade@hotmail.com,Outaouais,2,,LE BRASSE-CAMARADE. - 00450,St-André-Avellin,71 rue principale,J0V1W0
AA,WJW FINES ET FUTES,Serge,Courriel,,serge@fineetfutes.ca,Outaouais,2,,No match,N/A,N/A,N/A
2% Gestion,2471 METRO LIMBOURG (ALIMENTATION FREDERIK LEBLANC),CEDRICK .(819-208-5949) .,Telephone,8195613772,,Outaouais,3,,No match,N/A,N/A,N/A
2% Gestion,6959 (METRO) 9364-5661 QUÉBEC INC.(DÉPANNEUR BONNE-HEURE,wen wen,Telephone,8194593434,,Outaouais,3,,No match,N/A,N/A,N/A
Général,GARAGE PIERRE PAUL DESFORGES,Marie-Ève,Courriel,8192421234,petroact@hotmail.com,Outaouais,3,,GARAGE PIERRE PAUL DESFORGES. - 00452,GRENVILLE,"13, RUE MARPLE",J0V1J0
IGA  Famille Plante,Dominick .,Cell + Email,8198937890,iga08010hautedirection@sobeys.com,Outaouais,3,,IGA FAMILLE PLANTE,GATINEAU,1248 BOUL. DE LA VÉRANDRYE EST,J8P0A9
Général,IGA EXTRA FAMILLE PLANTE,Mathieu Lauzon,Telephone,8197727774,IGA08501GATINEAU@SOBEYS.COM,Outaouais,3,,IGA EXTRA FAMILLE PLANTE. - 00453,GATINEAU QUÉBEC J8Z1T3,1130 BOUL. ST-JOSEPH,J8Z1T3
Général,IGA FAMILLE CHARLES CHELSEA 08371,MARTIN GRAVEL .,Courriel,8194592326,mgravel@marquevel.com,Outaouais,3,,SOBEYS:IGA 8371 CHELSEA. - 00454,CHELSEA QUÉBEC J9B1PA,1703 ROUTE 105,J9B1PA
IGA Saint-Jacques 2038578,Olivier clément poste 246,Pivohub / tel,8196433384,iga08023gatineau@sobeys.com,Outaouais,3,,No match,N/A,N/A,N/A
Général,IGA ST-JOSEPH (PLACE CARTIER),Mathieu lepine,Phone,8197709132,IGA08476hautedirection@SOBEYS.COM,Outaouais,3,,SOBEYS:IGA ST-JOSEPH (PLACE CARTIER). - 00455,GATINEAU QUÉBEC J8Y3Z8,"425, BOUL ST-JOSEPH",J8Y3Z8
Général,MARCHE WAKIM,alexis .,Courriel,8192051533,sir.arochon@gmail.com,Outaouais,3,,WILLIAM J. WALTER HULL-GATINEAU (MARCHE WAKIM). - 00742,local 119,320 SAINT-JOSPEH
cal119
Général,METRO 1098 : METRO PLUS AYLMER,Zach,Telephone,8196853490,MA001098ADM@METRO.CA,Outaouais,3,,METRO/:MÉTRO PLUS AYLMER - 1098.,GATINEAU QUÉBEC J9J1V2,"799, BOUL. WILFRID-LAVIGNE",J9J1V2
2% Gestion,METRO 20112 : METRO KELLY MALONEY,Stephane roystef99@hotmail.com,Courriel,8196432353,MA020112ADM@METRO.CA,Outaouais,3,,METRO/:MÉTRO KELLY MALONEY 20112.,GATINEAU QUÉBEC J8P1H5,910 MALONEY EST,J8P1H5
2% Gestion,METRO 20122 : CHENEVILLE,Mario Hince,Courriel,8194283966,mariohince@hotmail.com,Outaouais,3,,METRO/:MÉTRO CHENEVILLE - 20122.,CHENEVILLE QUÉBEC J0V1E0,45 ALBERT-FERLAND,J0V1E0
2% Gestion,METRO 22339 : ALIMENTATION REJEAN COSSETTE,Mr Campeau,Telephone,8195615478,MF022339OPR@METRO.CA,Outaouais,3,,METRO/:MÉTRO ALIMENTATION RÉJEAN COSSETTE 22339.,GATINEAU QUÉBEC J8P0B1,435 MONTÉE PAIEMENT,J8P0B1
Général,METRO 2283 : METRO PLUS BUCKINGHAM,Daniel Parent,Telephone,8199865761,MF022283OPR@METRO.CA,Outaouais,3,,METRO/:MÉTRO PLUS 2283 - ALIMENTATION MICHEL HALLORAN,GATINEAU,"180, AVENU LÉPINE",J8L4M4
2% Gestion,METRO 2400 : ALIMENTATION PHILIPPE PILON,Tristan (app jeudi),Telephone,8197787330,MF022400OPR@METRO.CA,Outaouais,3,,METRO/:MÉTRO ALIMENTATION PHILIPPE PILON - 2400.,GATINEAU J8Y6S8,"214, Boulevard De La Cité-Des-Jeunes",J8Y6S8
2% Gestion,METRO 3614 : METRO MARCHE G ISABELLE,Joel Isabelle,Courriel,8197773843,joel.marchegisabelle@gmail.com,Outaouais,3,,METRO/:MÉTRO MARCHÉ G. ISABELLE 3614,HULL QUÉBEC J8X 2S3,166. ST-RÉDEMPTEUR,J8X2S3
Général,Provigo Aylmer Le Marché #8638,Stéphane Normand c.819-209-0435 Frigo :),Phone,8192090435,smp8638c@provigo.ca,Outaouais,3,,No match,N/A,N/A,N/A
2% Gestion,Super C Hull du Plateau 5958,Gaston Rivet,Cell + Email,8197727730,ms025958opr@metro.ca,Outaouais,3,,No match,N/A,N/A,N/A
Général,IGA FAMILLE CHARLES CANTLEY,Martin Gravel,Courriel,8198272984,mgravel@marquevel.com,Outaouais,4,,No match,N/A,N/A,N/A
Général,LE MARCHE (MARCHE OMNI-9133569 CANADA INC),Claude,Courriel,8197779921,MARCHE.OMNI@VIDEOTRON.CA,Outaouais,4,,No match,N/A,N/A,N/A
2% Gestion,METRO 1303 : METRO MARCHE RICHELIEU VAL-DES-MONTS,Jean-François veut des canettes,Telephone,8196712282,richelieuvaldesmonts@gmail.com,Outaouais,4,,METRO/:MÉTRO MARCHÉ RICHELIEU VAL-DES-MONTS 1303.,VAL-DES-MONTS QUÉBEC J8N7E9,"1732, RUE DU CARREFOUR",J8N7E9
2% Gestion,METRO 20121: METRO MARCHÉ ST-ANDRÉ AVELIN,Benoit Desrochers .,Courriel,8199837966,MA020121MGR@METRO.CA,Outaouais,4,,METRO/:MÉTRO ST-ANDRÉ 20121,ST-ANDRÉ AVELLIN QUÉBEC J0V 1W0,110-90 RUE PRINCIPALE,J0V1W0
Général,PROVIGO FRAN. GATINEAU 8542,denis béland eric renaud (maladie),Courriel,8197717701,ERIC1REN25@GMAIL.COM,Outaouais,4,,LOBLAW:PROVIGO GATINEAU 8542,,LOBLAWS INC 8542
Général,DEPANNEUR 8348,Luc / Fannie,Courriel,4505628348,DEPANNEUR8348@HOTMAIL.COM,Outaouais,5,,DEPANNEUR 8348. - 00460,LACHUTE QUÉBEC J8H 1M8,168 AVENUE BÉTHANY,J8H1M8
Général,LA MAISON BISSON INC,Alain,Courriel,8197720702,abisson@lamaisonbisson.ca,Outaouais,5,,LA MAISON DES BRASSEURS D'ICI INC ( RUE EDDY).,GATINEAU QUÉBEC,66 RUE EDDY,QUÉBEC
Général,SUPER C HULL 5914,eric Proulx,Telephone,8195951344,,Outaouais,5,,METRO/:SUPER C HULL 5914. - 00461,GATINEAU,725 A. BOUL DE LA CARRIÈRE,J8Y679
Général,BISTRO L'AUTRE OEIL (FÛT),daniel / etienne,Telephone,8196821221,INFO@LAUTREOEIL.COM,Outaouais,2,csp,BISTRO L'AUTRE OEIL. - 00462,GATINEAU,"152, RUE PRINCIPALE",J9H3L4
Général,"LE CLANDESTIN, CUISINE CREATIVE INC",Eric,,,ERICDUCHESNE84@GMAIL.COM,Outaouais,2,csp,No match,N/A,N/A,N/A
Général,LE MINOTAURE,Phil phil@ambassade.ca Tristan,Courriel,8196006466,phil@ambassade.ca,Outaouais,2,csp,LE MINOTAURE. - 00464,GATINEAU QUÉBEC J8X3J8,3 RUE KENT,J8X3J8
Général,BIÈRE-Ô-LOO,Jessika Lemay,Courriel,4507759781,INFO@BIEREOLOO.CA,Outaouais,3,csp,BIERE-O-LOO. - 00465,WATERLOO QUÉBEC JOE2NO,4920 RUE FOSTER,JOE2NO
Général,RESTAURANT EDGAR (9870164 CANADA INC),MARYSOL FOUCAULT . c:819-743-0040,Cell + Email,8192051110,marysol.foucault@gmail.com,Outaouais,3,csp,RESTAURANT EDGAR (9870164 INC) - 00769,GATINEAU,60 RUE BEGIN,J9A1C8
Général,RUSTIEK INC,Jesse,Courriel,8195253343,JESSECHARETTE@HOTMAIL.COM,Outaouais,3,csp,No match,N/A,N/A,N/A
Général,550 HALTE MULTI-SERVICES,Eliane Pascale pellletier,Telephone,4183562933,bs02096stpamphile@sobeys.com,QC Sud-Est,3,,550 HALTE MULTI-SERVICES. - 00476,ST-PAMPHILE QUÉBEC G0R3X0,550 RUE PRINCIPALE,G0R3X0
Chez doyon et frères,Jérome Doyon,Cell + Email,4182494091,doyon1977@gmail.com,QC Sud-Est,3,,No match,N/A,N/A,N/A
Général,DEPANNEUR LANDRY,Melanie Joncas / Mariette Landry,Courriel,4182489620,DV01265MONTMAGNY@SOBEYS.COM,QC Sud-Est,3,,DEPANNEUR LANDRY. - 00447,MONTMAGNY QUÉBEC G5V3R9,100 MONTÉE DE LA RIVIÈRE DU SUD,G5V3R9
Général,IGA EXTRA MONTMAGNY,Marc-Andre / Laurin / Mario,Courriel,4182481230,COOP2.MONTMAGNY@GLOBETROTTER.NET,QC Sud-Est,3,,IGA EXTRA MONTMAGNY. - 00478,MONTMAGNY QUÉBEC G5V3B1,70 BOUL. TACHÉ OUEST,G5V3B1
Général,Le moule a sucre,Roberto Di Giulio,Cell + Email,5149265284,roberto@lamouleasucre.com,QC Sud-Est,3,,LA MOULE A SUCRE - 00810,ST-JEAN-PORT-JOLI,248 CH. DE GASPÉ EST,G0R3G0
Général,Marche AUBONNE OPERATION,DOMINIQUE BÉRUBÉ Sur tablette new layout,Telephone,4182475206,tra00779lislet@sobeys.com,QC Sud-Est,3,,AUX BONNES OPERATIONS - 00753,SAINT-JEAN-PORT-JOLI,93 7EME RUE LISLET,G0R2C0
Général,Marche Caron inc.,Jean-Michel Caron,Cell + Email,4188623639,j_mitch23@hotmail.com,QC Sud-Est,3,,MARCHE CARON INC - 00821,SAINT-ANTONIN,733 CH. RIVIERE-VERTE,G0L2J0
Général,Marché des Aulnais,Marco Pelletier,Cell + Email,4189190644,marcop35@videotron.ca,QC Sud-Est,3,,9376-8379 QC INC - MARCHE DES AULNAIS - 00796,ST-ROCH-DES-AULNAIS,943 DE LA SEIGNEURIE,G0R4E0
2% Gestion,METRO 4636 - MARCHÉ G ET S,GAETAN (418-234-2690)/JOËLLE . .,Courriel,4185983728,marchegs@globetrotter.net,QC Sud-Est,3,,METRO/:METRO 4636 - MARCHE G ET S. - 00730,SAINT-JEAN-PORT-JOLI,74 AVE. DE GASPÉ EST,G0R3G0
Restaurant le cracheur de feu,YAN CLOUTIER,PivoHub/Courriel,4388633808,lecracheurdefeu@videtron.ca,QC Sud-Est,3,csp,No match,N/A,N/A,N/A
Général,DEPANNEUR TOUT PRES(LEVIS),Maryse,Courriel,4188371633,DEPANNEURTOUTPRES@HOTMAIL.COM,QC Sud,1,,DEPANNEUR TOUT PRES(LEVIS). - 00467,LEVIS,97 RTE WOLFE,G6V3Y7
Général,LE FRIDGE,Xavier (am),Cell + Email,4184404019,boutiquelefridge@outlook.com,QC Sud,1,,No match,N/A,N/A,N/A
DBSQ + AA,LE MONDE DES BIÈRES - ST-NICOLAS,Marilyne / Pierre,Cell + Email,4184966223,mdb.stnicolas@gmail.com,QC Sud,1,,LE MONDE DES BIÈRES:LE MONDE DES BIERES - ST-NICOLAS. - 00469,local 108,1810 ROUTE DES RIVIÈRE
cal108
DBSQ,LE MONDE DES BIÈRES LEVIS,Anthony,Courriel,4189033818,mdb.levis@gmail.com,QC Sud,2,,LE MONDE DES BIÈRES:LE MONDE DES BIERES LEVIS. - 00470,LÉVIS QUÉBEC G6V6C8,65 ROUTE DU PRÉSIDENT KENNEDY LOCAL 100,G6V6C8
2% Gestion,METRO 3260 : ACCOMODATION TRIOLET,Mario Leblanc,Courriel,4188324941,TRIOLET1@VIDEOTRON.CA,QC Sud,2,,METRO/:MÉTRO ACCOMODATION TRIOLET 3260.,CHARNY,5243 AV DES  GENERATIONS,G6X2G6
2% Gestion,METRO 5220 : AM ROY,JEROME .,Telephone,4184556824,,QC Sud,2,,No match,N/A,N/A,N/A
Général,8881 PROVIGO LEVIS ST-GEORGES,SERGE GAGNÉ .,Telephone,4188333404,SMP8078D@PROVIGO.CA,QC Sud,3,,LOBLAW:PROVIGO LEVIS SAINT-GEORGES (8881) - 00474,,LOBLAW
Général,ACCOMODATION LAUZON,Daniel Côte (418-998-9360)/ Jean-Philippe .,Cell Phone,4188376607,ACCLAUZON@VIDEOTRON.CA,QC Sud,3,,ACCOMODATION LAUZON. - 00471,LÉVIS QUÉBEC G6V1G1,289 RUE ST-JOSEPH,G6V1G1
Général,DEPANNEUR PETRO-CANADA ST-HENRI-DE-LEVIS,Brigitte Asselin (appelez mercredi),Telephone,4188950871,DO12548@SUNCOR.COM,QC Sud,3,,DEPANNEUR PETRO-CANADA ST-HENRI-DE-LEVIS. - 00472,SAINT-HENRI-DE-LÉVIS,"34 1/2, DU PRESIDENT KENNEDY",G0R3E0
2% Gestion,METRO 0744: LAROCHE ET FILS INC,David metrodavid744@gmail.com,Courriel,4188317987,metrodavid744@gmail.com,QC Sud,3,,METRO/:METRO LAROCHE ET FILS INC -0744.,SUITE 100,3045 RTE LAGUEUX
ITE100
Général,METRO 0768 : METRO STE-CROIX,PASCALE .,Email,4189262267,MA000768OPR@METRO.CA,QC Sud,3,,METRO/:MÉTRO STE-CROIX  - 0768.,STE-CROIX-LOTBINIERE QUÉBEC G0S2H0,6452 PRINCIPALE,G0S2H0
2% Gestion,METRO 22636 : ALIMENTATION JEAN-FRANCOIS LEVESQUE,martin gosselin apres 11h,Telephone,4188314866,mf022636opr@metro.ca,QC Sud,3,,METRO/:MÉTRO ALIMENTATION JEAN-FRANÇOIS LÉVESQUE 22636.,LÉVIS,"1425, ROUTE DES RIVIÈRES",G7A2N9
2% Gestion,METRO 2819: METRO LEVIS,Jean-François Leclerc .,Telephone,4188356313,MF022819OPR@METRO.CA,QC Sud,3,,METRO/:MÉTRO 2819 - ALIMENTATION KATY LAPIERRE.,LÉVIS,"44, route du Président-Kennedy",G6V6C5
2% Gestion,METRO 4589 : METRO DEPANNEUR GV,Sandra ou Sydney,Courriel,4188394485,DEPANNEURGV@VIDEOTRON.CA,QC Sud,3,,METRO/:MÉTRO DÉPANNEUR GV 4589.,ST-JEAN CHRYSOSTOME QUÉBEC G622E8,1083 AVENUE TANIATA,G622E8
2% Gestion,METRO 577: METRO DESCHAILLONS,David,Telephone,8192922731,,QC Sud,3,,METRO/:MÉTRO DESCHAILLONS (577).,QUÉBEC G0S1G0,300 12E AVENUE,G0S1G0
Général,Super Marché Famille Rousseau,STEEVE GIRARD .,Cell + Email,4188315400,IGA00168COMPTABILITE@SOBEYS.COM,QC Sud,3,,No match,N/A,N/A,N/A
Général,Accommodation FL,Sebastien,Courriel,4188813858,depstapo@outlook.com,QC Sud,4,,No match,N/A,N/A,N/A
Général,LE DORIMÈNE,Etienne Villeneuve,Courriel,4189034446,etienne.villeneuve@gmail.com,QC Sud,3,csp,No match,N/A,N/A,N/A
2% Gestion,ACCOMODATION CLAIRBOURG(METRO 6970),Gabrielle (CELL:418.523.0348) .,Cell Phone,4188496570,JULIE.MORIN2009@HOTMAIL.COM,Quebec 1,2,,METRO/:ACCOMODATION CLAIRBOURG (6970). - 00479,QUÉBEC QUÉBEC G3G2V8,1423 AV. DU LAC SAINT-CHARLES,G3G2V8
DBSQ + AA,LE MONDE DES BIÈRES (BEAUPORT),Laurent Georges,Courriel,4186609983,LAURENTGEORGES777@HOTMAIL.COM,Quebec 1,2,,LE MONDE DES BIÈRES:LE MONDE DES BIÈRES (BEAUPORT). - 00480,BEAUPORT QUÉBEC G1C3P9,"340 A, RUE SEIGNEURIAL",G1C3P9
DBSQ,SO-CHO (FANNIE GOURMETS LEBOUGNEUR INC ),Fanny,Courriel,4187047711,FANNIESTCYR@GMAIL.COM,Quebec 1,2,,SO-CHO (FANNIE GOURMETS LEBOUGNEUR INC ). - 00481,,825 BOUL. LEBOURNEUF,G2J0B9
2% Gestion,ALIMENTATION LEMIRE,LEI MIE (418-265-6707) .,Telephone,4186262860,niekaidong@hotmail.com,Quebec 1,3,,ALIMENTATION LEMIRE - 00822,,5285 1ERE AVENUE,G1H2V3
Général,Alimentation Nord-Sud,France .,Telephone,4186287687,prozion@bellnet.ca,Quebec 1,3,,SOBEYS:ALIMENTATION NORD SUD - 5932 - 00758,,4449 RUE DES ROSES,G1G1P3
Général,Dépanneur de la lumière,Frank Chouinard (APRÈS-MIDI)Cell: 418-435-3755 .,Cell + Email,4184352259,depanneurdelalumiere@hotmail.com,Quebec 1,3,,No match,N/A,N/A,N/A
Général,IGA EXTRA LES SAULES 445,Andrée-Ann (congé lundi) .,Telephone,4188773922,IGA00445QUEBEC@SOBEYS.COM,Quebec 1,3,,SOBEYS:IGA EXTRA LES SAULES 445. - 00482,QUÉBEC QUÉBEC G1P4K6,5005 BOUL. LORIMIERE,G1P4K6
2% Gestion,METRO 2626 : ALIMENTATION SERGE FILTEAU,Fred ou Alain (Installer open deck 16pieds 17 fév) Va commander le 27 Février .,Telephone,4186261056,,Quebec 1,3,,METRO/:MÉTRO CHARLESBOURG 3906.,QUÉBEC,"8500, boul. Henri-Bourassa",G1G5X1
2% Gestion,METRO 5988 : METRO SUPER C BEAUPORT,Pascal .,Telephone,4186673336,MS005988Opr@metro.ca,Quebec 1,4,,METRO/:MÉTRO SUPER C BEAUPORT 5988.,QUÉBEC QUÉBEC G1C0C7,"981, AVENUE NORDIQUE",G1C0C7
2% Gestion,METRO 5990 : METRO SUPER C STE-ANNE-DE-BEAUPRE,CARL FAUCHER .,Telephone,4188273474,,Quebec 1,4,,METRO/:MÉTRO SUPER C STE-ANNE-DE-BEAUPRÉ 5990.,STE-ANNE-DE-BEAUPRÉ QUÉBEC G0C3C0,10516 BOUL. STE-ANNE,G0C3C0
Général,LES MALTCOMMODES,Alain / Jean Gagne,Telephone,4186637171,AROCHETTE@LESMALTCOMMODES.COM,Quebec 1,3,csp,LES MALTCOMMODES. - 00484,QUÉBEC QUÉBEC G1C5R9,3333 RUE DU CARREFOUR LOCAL A-53,G1C5R9
DBSQ,L'AXE DU MALT HB,Remi,Cell + Email,5817427490,CAPSULESBIERE@LIVE.FR,Quebec 2,1,,L'AXE DU MALT.,QUÉBEC QUÉBEC G1R1M6,601 RUE D'AIGUILLON,G1R1M6
DBSQ,L'AXE DU MALT LIMOILOU,REMI / MARTIN .,Cell + Email,5817427490,capsulesbiere@live.fr,Quebec 2,1,,L'AXE DU MALT.,QUÉBEC QUÉBEC G1R1M6,601 RUE D'AIGUILLON,G1R1M6
2% GESTION + AA,METRO 6653 : ALIMENTATION ESCOMPTE IMPACT,eric (debute a 15H) / Carl,Cell + Email,4185291600,ericlortie@hotmail.com,Quebec 2,1,,METRO/:MÉTRO ALIMENTATION ESCOMPTE IMPACT #6653.,,1600  4E AVENUE,G1J3C3
Général,SUPERETTE DU DINER(livraison à partir de 11h30),NICOLAS TREMBLAY . 418-809-9491,Cell + Email,5817059555,superettedudiner@gmail.com,Quebec 2,2,,SUPERETTE DU DINER - 00755,,411 RUE ST-VALLIER OUEST,G1K1K7
Général,DEPANNEUR NUTRISOIR,APPELER veng cheng après 15h15 14185296731,Telephone,4185298888,huangzengcheng@hotmail.com,Quebec 2,3,,DÉPANNEUR NUTRISOIR. - 00487,QUÉBEC QUÉBEC G1L3J8,"444, 1ER AVENUE",G1L3J8
Général,La Place Boutique Gourmande,François Lebel,Courriel,4185297524,laplace@email.com,Quebec 2,3,,9255-6091 - LA PLACE BOUTIQUE GOURMANDE,,"699, ST-JOSEPH EST",G1K3C1
2% Gestion,METRO 2834: METRO ALIMENTATION STEVE LAPOINTE,MARTIN VERRETTE .,Telephone,4186488794,,Quebec 2,3,,METRO/:MÉTRO ALIMENTATION STEVE LAPOINTE 22834.:MÉTRO ALIMENTATION STEEVE LAPOINTE INC 2834,QUÉBEC,"860, boulevard Charest Est",G1K8S5
2% Gestion,METRO 6869: METRO EPICERIE COUILLARD,Raymond + tel.,Courriel,4186923748,epiceriecouillard@gmail.com,Quebec 2,3,,METRO/:MÉTRO ÉPICERIE COUILLARD 6869.,,27 RUE COUILLARD,G1R3T4
Tapas et Lièges,,Cell + Email,,plcullen@tapasetliege.com,Quebec 2,,csp,No match,N/A,N/A,N/A
Microbrasserie,BRASSERIE LES MORDUS (20L),Martine Plante,Courriel,4186923365,Martine.plante@brasserielesmordus.com,Quebec 2,2,csp,BRASSERIE LES MORDUS. - 00711,,57 RUE SAINTE-ANNE,G1R3X4
Général,LA PLANQUE RESTAURANT CSP,Joëlle (ouvre à 17h00) .,Cell + Email,4189148780,joelle.giard@hotmail.fr,Quebec 2,3,csp,No match,N/A,N/A,N/A
Général,L'ANTI BAR ET SPECTACLES,Karl-Emmanuel Picard,Courriel,4182651919,DISTRICT7PROD@GMAIL.COM,Quebec 2,3,csp,L'ANTI BAR ET SPECTACLES. - 00494,QUÉBEC QUÉBEC GIK3A9,260 ST-JOSEPH EST,GIK3A9
"Général,""LE SACRAMENT (FÛT,CSP)"",JEFF BELLEY (581-999-2345),Telephone,(418) 686-2067,",,,,,,Quebec 2,3,csp,No match,N/A,N/A,N/A
Général,PUB ST-PATRICK (CSP),Simon / Marc Coulombe (ouvre à 11h00) .,Courriel,4186940618,samuel.begin@toprestogroup.com,Quebec 2,3,csp,PUB ST-PATRICK (CSP). - 00497:BAR ST-PATRICK. - 00329,TERREBONNE QUÉBEC J6W1E4,774 RUE ST-PIERRE,J6W1E4
Général,JONATHAN FOURNIER (LE TREFLE),Jonathan,Cell + Email,4189149596,LETREFLE@TAVERNEIRLANDAISE.COM,Quebec 2,4,csp,LE TRÈFLE (LIMOILOU) - 00764,QUÉBEC,"699, 3 IÈME AVENUE LIMOILOU",G1L2W5
Général,LE CLOCHER PENCHE BISTROT,Thomas,Telephone,4186491010,INFO@CLOCHERPENCHE.CA,Quebec 2,4,csp,LE CLOCHER PENCHÉ BISTROT. - 00491,QUÉBEC QUÉBEC G1K3B1,203 RIE ST-JOSEPHT EST,G1K3B1
Général,L'ORYGINE (CSP),Philippe Veilleux,Cell + Email,4188724386,comptabilite@restaurantlataniere.com,Quebec 2,4,csp,No match,N/A,N/A,N/A
Général,RESTAURANT LE CENDRILLON,Joffrey (lundi ferme),Telephone,4186092519,INFO@LECENDRILLONRESTAURANT.COM,Quebec 2,5,csp,RESTAURANT LE CENDRILLON.,QUÉBEC QUÉBEC G1L2X3,1039 3IEVE AVENUE,G1L2X3
Général,CHACUN SA BIÈRE,Maxime Labbe,Courriel,4183261067,MAXLABBE_1993@HOTMAIL.COM,Quebec 3,2,,CHACUN SA BIÈRE. - 00498,SAINT-MARC-DES-CARRIÈRES QUÉBEC G0A4B0,"1446, BOUL BONA DUSSAULT",G0A4B0
AA,DEPANNEUR DE LA RIVE,Dany (AM) .,Courriel,4186532783,DANCHABOT@HOTMAIL.COM,Quebec 3,2,,DÉPANNEUR DE LA RIVE. - 00499,CAP ROUGE,4328 SAINT-FELIX,G1Y1X7
2% Gestion,MÉTRO 2660 - ALIMENTATION PHILIPPE BÉLANGER,SIMON (abs. lundi)  Frigo Spécialité .,Telephone,4188724444,villeneuvesimon@hotmail.commf022660opr@metro.ca,Quebec 3,2,,METRO/:MÉTRO 2660 - ALIMENTATION PHILIPPE BÉLANGER,QUÉBEC,"3525, rue de L'Hêtrière, RR 8",G3A0C1
Général,BOUCHERIE GODIN,simon 418-473-5252 .,Courriel,4182852755,info@boucheriegodin.com,Quebec 3,3,,No match,N/A,N/A,N/A
Général,LA MURAILLES DES BIÈRES,Mei .,Telephone,4188731991,LAMURAILLEDESBIERES@GMAIL.COM,Quebec 3,3,,LA MURAILLE DES BIÈRES. - 00502,PONT-ROUGE,"342, DUPONT",G3H1R4
2% Gestion,METRO 22658 : ALIMENTATION ANNICK NOTEAU (Metro Innovation),Claude Girard Kevin Corbin,Telephone,4186560728,,Quebec 3,3,,METRO/:MÉTRO ALIMENTATION ANNICK NOREAU 22658.,QUÉBEC,"2360, ch. Ste-Foy, local 100",G1V4H2
2% Gestion,METRO 2695 : ANCIENNE LORETTE,helene langevin apres 11h pas le vendredi,Telephone,4188726236,,Quebec 3,3,,METRO/:MÉTRO ANCIENNE LORETTE 2881,L'ANCIENNE-LORETTE,"1858, RUE NOTRE-DAME",G2E3C8
2% Gestion,METRO 2752: METRO ALIMENTATION ALEXANDRE FORTIN,Claude Plourde (av 15h),Telephone,4188701653,mf022752opr@metro.ca,Quebec 3,3,,No match,N/A,N/A,N/A
2% Gestion,METRO 2881: METRO DUPLESSIS,Marco .,Telephone,4186566116,MF022623MGR@METRO.CA,Quebec 3,3,,METRO/:MÉTRO 2881- MR. INC / DUPLESSIS,QUÉBEC,"3291, CHEMIN STE-FOY - SUITE101",G1X3V2
2% Gestion,METRO 2992 : METRO PLACE STE-FOY,Benoit Bacon (Pas de frigo),Telephone,4186518150,MF022640OPR@METRO.CA,Quebec 3,3,,METRO/:MÉTRO MARCHÉ STE-FOY 2640,G1V 2L1,"2450, boul. Laurier",G1V2L1
METRO 4143 : MARCHE DENIS RENAUD (ST-MARC),Vicky Gagnon app après 11h,Telephone,4182683212,ma004143opr@metro.ca,Quebec 3,3,,METRO/:MÉTRO 4143 - SUPER MARCHÉ DENIS RENAUD INC.,SAINT-MARC DES CARRIÈRES QUÉBEC G0A4B0,755 BOUL. BONA DUSSAULT,G0A4B0
2% Gestion,METRO 5950 : METRO SUPER MARCHE STE-FOY,Sebastien Peticlerc,Telephone,4188647171,MS005950OPR@METRO.CA,Quebec 3,4,,No match,N/A,N/A,N/A
Général,BAR LE CACTUS,Gerant va appeler si besoin de biere (ou Felix),Courriel,4185279111,LOUIS@CACTUSQUEBEC.COM,Quebec 3,2,csp,BAR LE CACTUS. - 00504,QUÉBEC,"814, AVE MYRAND",G1V2V5
Général,La GASPESIENNE 51,Vanessa (courriel) / Myriam (COMM. 17 JUILLET) .,Courriel,8196990438,administration@lagaspesienne51.cam_desbois@hotmail.com,Quebec 3,2,csp,No match,N/A,N/A,N/A
Général,CAFE AU TEMPS PERDU,Francois par texto 581-888-1418,Cell + Email,4186815601,tpfrancois@hotmail.com,Quebec 3,3,csp,CAFE AU TEMPS PERDU. - 00506,QUÉBEC QUÉBEC G1V2V8,867 AVENUE MYRAND,G1V2V8
Général,CAFE FOU AELIES,Karl Levasseur,Courriel,5819914293,CAFE@AELIES.ULAVAL.CA,Quebec 3,4,csp,CAFE FOU AELIES. - 00714,QUÉBEC QUÉBEC G1V0A6,2320 RUE DE L'UNIVERSITÉ MAISON MARIE-SIROIS,G1V0A6
DBSQ + AA,CAPSULES BIÈRES L'AXE DU MALT,Remy / Martin (Rue Daiguillon),Cell + Email,5817427490,CAPSULESBIERE@LIVE.FR,Quebec 4,1,,L'AXE DU MALT.,QUÉBEC QUÉBEC G1R1M6,601 RUE D'AIGUILLON,G1R1M6
DBSQ + AA,LE MONDE DES BIÈRES - SO-CHO,Maxime Duchesne / Valerie,Courriel,4189157466,MAXIME@LEMONDEDESBIERES.COM,Quebec 4,2,,LE MONDE DES BIÈRES:LE MONDE DES BIERES - SO-CHO. - 00509,QUÉBEC QUÉBEC G2B3K5,9210 BOUL. DE L'ORMIÈRE,G2B3K5
DBSQ + AA,LE MONDE DES BIÈRES (QC 4),David / Eric (mardi am),Telephone,4186862437,mondedesbieres@gmail.com,Quebec 4,2,,MONDE DES BIÈRES. (QC 4) - 00510,,13 RUE MARIE-DE-L INCARNATION,G1N3G4
Général,ALIMENTATION GA RATTE,Jean-Francois Tremblay .(pm) .,Telephone,4185292197,DENIS_TR29@HOTMAIL.COM,Quebec 4,3,,ALIMENTATION G.A. RATTE. - 00511,QUÉBEC QUÉBEC G1K1G7,202 RUE DU CARDINAL-TASCHEREAU,G1K1G7
Général,EPICERIE DU PETIT CARTIER,Dave. .,Telephone,4185227524,sutan1999@hotmail.com,Quebec 4,3,,EPICERIE DU PETIT CARTIER. - 00512,,1191 AV.CARTIER,G1R2S2
2% Gestion,EPICERIE ROCHON,Gabrielle  / Julie Morin .,Cell + Email,4185230348,ENTREPRISES.YVRERO@GMAIL.COM,Quebec 4,3,,METRO/:METRO 6975 - EPICERIE ROCHON. - 00514,QUÉBEC QUÉBEC G1K3T7,98 RUE ARAGO EST,G1K3T7
Général,La boite a bieres,Felix C.418-704-5400 Vincent .,Telephone,4187045400,info@laboiteabieres.com,Quebec 4,3,,LA BOITE A BIERE. - 00772,,"1209, ROUTE DE L'ÉGLISE",G1W3N9
2% Gestion,METRO 22757 : CARTIER,M.Laplante (pas mardi),Telephone,4185228011,MF022757MGR@METRO.CA,Quebec 4,3,,No match,N/A,N/A,N/A
2% Gestion,METRO 4789 : METRO FERLAND,Garry lundi c.418-655-7385 ou Tommy,Courriel,4186817385,BERNARD.ALAIN@METROFERLAND.COM,Quebec 4,3,,METRO/:MÉTRO ALIMENTATION SERRO- 4789.,QUÉBEC QUÉBEC G1N4P5,707 CHAREST OUEST,G1N4P5
Général,BUVETTE SCOTT INC,Pier-Luc Germain,Courriel,5817773328,INFO@BUVETTESCOTT.COM,Quebec 4,3,csp,BUVETTE SCOTT INC. - 00518,QUÉBEC QUÉBEC G1R3C8,821 RUE SCOTT,G1R3C8
Général,PUB LE PROJET,Jean-Francois Belley Anti-DBSQ,Courriel,5819992345,nrodrigue@neliadominguescpa.com,Quebec 4,3,csp,PUB LE PROJET. - 00519,QUÉBEC QUÉBEC G1R6N8,399 ST-JEAN,G1R6N8
Général,Restaurant le parlementaire(comm. début septembre+verres),Louise Chouinard (blonde et rousse en fut),Phone,4185286892,lise.chouinard@assnat.qc.ca,Quebec 4,3,csp,No match,N/A,N/A,N/A
DBSQ + AA,ESPACE HOUBLON,Francis,Courriel,4509837122,INFO@ESPACEHOUBLON.CA,Rive Nord,1,,ESPACE HOUBLON:ESPACE HOUBLON SAINT-EUSTACHE. - 00520,ST-EUSTACHE,"180, 25E AVENUE, LOCAL 103A",J7P2V2
DBSQ + AA,ESPACE HOUBLON BLAINVILLE,Francis,Courriel,5796307122,INFO@ESPACEHOUBLON.CA,Rive Nord,1,,No match,N/A,N/A,N/A
DBSQ,ESPACE HOUBLON FABREVILLE,Francis,Courriel,4509378122,INFO@ESPACEHOUBLON.CA,Rive Nord,1,,ESPACE HOUBLON:ESPACE HOUBLON FABREVILLE. - 00522,FABREVILLE QUÉBEC H7P2P2,315 BOUL. CURÉ LABELLE,H7P2P2
DBSQ,ESPACE HOUBLON MASCOUCHE,Francis,Courriel,4504748122,INFO@ESPACEHOUBLON.CA,Rive Nord,1,,ESPACE HOUBLON:ESPACE HOUBLON MASCOUCHE. - 00523,MASCOUCHE QUÉBEC J7K2L5,500 MONTÉE MASSON,J7K2L5
DBSQ,LE PETIT VERRAT,Vincent Corriveau,Courriel,5147399155,boutique@leptitverrat.ca,Rive Nord,1,,LE PETIT VERRAT. - 00524,STE-ANNE DES PLAINES QUÉBEC JON1HO,142 BOUL STE-ANNE,JON1HO
AA,William J. Walter Blainville,Nathalie / Fabienne,Courriel,4504204555,info@saucisserieblainville.com,Rive Nord,1,,SAUCISSE BLAINVILLE WILLIAM J WATER. - 00557,BLAINVILLE,947 CURÉ LABELLE,J7C2L8
AA,DEPANNEUR ST-ANTOINE (Toit Rouge),Nicolas .,Courriel,4504383449,microtoitrouge@gmail.com,Rive Nord,2,,DÉPANNEUR ST-ANTOINE. - 00531,ST-JÉRÔME,833 BOUL ST-ANTOINE,J7T3C6
AA,IGA EXTRA CHAUMONT ET BILODEAU,Sylvain Chaumont/ Alexandre,Courriel,4504385214,iga08012sylvain.chaumont@sobeys.com,Rive Nord,2,,No match,N/A,N/A,N/A
AA,IGA QUINTAL MARCHE DES OISEAUX,Maxime 450' Tablette réfrigéré,Courriel,4509631072,m.quintal@igaquintal.com,Rive Nord,2,,IGA QUINTAL - MARCHE DES OISEAUX. - 00526,"STE-ROSE, LAVAL","380, BOUL CURÉ-LABELLE",H7L4T7
Général,MARCHE VAILLANCOURT (NEELIMA),Dad Jeudi c.514-232-7905,Courriel,4502262215,salyma.dad@gmail.com,Rive Nord,2,,W-INACTIF MARCHÉ D'ALIMENTATION NÉE LIMA.,MORIN HEIGHTS,"878, VILLAGE",J0R1H0
2% Gestion,METRO 0362: METRO PLUS DÉPATIE,Michel JEUDI Prends Spécialités,Telephone,5142582865,ma000362adm@metro.ca,Rive Nord,2,,No match,N/A,N/A,N/A
Saucisserie Bois des Filions,Sophie,Telephone,4506210611,lasaucisseriebdf@outlook.fr,Rive Nord,2,,SAUCISSERIE BDF. - 00528,BOIS-DES-FILLION (,"69, MONTÉE GAGNON",J6Z1H8
Général,STATION DES BIÈRES LAVAL,Nicolas c: 514 219-7011,Telephone,4509371008,LASTATIONDESBIERES@GMAIL.COM,Rive Nord,2,,No match,N/A,N/A,N/A
2% Gestion,(2462) 9408-6493 QUÉBEC INC.,Denis .,Telephone,4506611081,,Rive Nord,3,,METRO/:MÉTRO 2462 - 9408-6493 QUEBEC INC,LAVAL,"3200, bl. De la Concorde Est",H7E2B7
2% Gestion,2465 ALIMENTATION PATRICK LEMAY INC.,Gérald .,Telephone,4504727720,,Rive Nord,3,,METRO/:MÉTRO ALIMENTATION SOPHIE QUENNEVILLE  22375.,ST-EUSTACHE,"219, ST-LAURENT",J7P4W4
Général,Alimentation C.C. Sevigny Inc. (IGA 08367),Christian Sevigny cell: 514-212-8976,Cell + Email,4506654441,hockeydete@hotmail.com,Rive Nord,3,,IGA ALIMENTATION C.C. SEVIGNY INC - 00812,LAVAL,5805 BOUL. ROBERT-BOURASSA,H7C0A4
Général,Alimentation Manon Bélanger Provigo 8068,Yvon X,Cell + Email,4504395986,smp8068g@provigo.ca,Rive Nord,3,,LOBLAW:ALIMENTATION MANON BELANGER - 00800,ST-LIN-LAURENTIDES,1095 ST-ISIDORE,J5M2V5
Boucherie Lorrain,Philippe Caouette,Phone,4509517755,,Rive Nord,3,,9260-8264 QC INC - BOUCHERIE LORRAIN,ROSEMERE,"145, BOUL LABELLE",J1A2H2
Général,DEPANNEUR BERGE DE LA BRISE,ERIC .,Cell + Email,5146326388,BONNECHANCEGW@YAHOO.CA,Rive Nord,3,,No match,N/A,N/A,N/A
Général,Dépanneur du Lac Renaud,Alex verschelden,PivoHub/Courriel,4502247743,deprenaud@hotmail.com,Rive Nord,3,,No match,N/A,N/A,N/A
Général,DEPANNEUR DUVERNAY,Lan,Telephone,4506615152,LANBM@HOTMAIL.COM,Rive Nord,3,,DEPANNEUR DUVERNAY. - 00560,LAVAL,2915 BOULV DE LA CONCORDE E,H7E2B5
Général,DEPANNEUR GB LEBEAU,BENOIT LEBEAU .(5142914478) .,Phone,4506662663,ONIALR17@GMAIL.COM,Rive Nord,3,,No match,N/A,N/A,N/A
Dépanneur Mami,Nathasha mario provost,Cell + Email,4504391443,depmami2013@hotmail.fr,Rive Nord,3,,2947-6751 QUEBEC INC - DEPANNEUR MAMI - 00781,ST-LIN-LAURENTIDES,961 RANG ST-HENRIETTE,J5M2P6
Général,Depanneur Richard Patenaude,Richard,Courriel,4504742415,BS00553DEPANNEURPATENAUDE@SOBEYS.COM,Rive Nord,3,,DEPANNEUR RICHARD PATENEAUDE. - 00529,MASCOUCHE,2685 RUE STE-MARIE,J7K1M8
Général,DEPANNEUR RR 640,Valerie / Philipe Avant 3PM,PivoHub/Courriel,4504771822,BS02021MASCOUCHE@SOBEYS.COM,Rive Nord,3,,DEPANNEUR RR 640. - 00530,MASCOUCHE QUÉBEC J7L3P2,236 CHEMIN DES ANGLAIS,J7L3P2
Dépanneur St-Rémi,Jolyane C thibault 819-421-2611,Cell + Email,8196872022,jolyanecthibault@hotmail.com,Rive Nord,3,,9169-3416 QUEBEC INC - DEPANNEUR ST-REMI - 00785,ST-REMI D'AMHERST,183 RUE AMHERST,J0T2L0
Général,DEPANNEUR VOISIN (STE-MARTHE),Brigitte (Pas Vendredi),Courriel,4504915155,DV02134VOISIN@SOBEYS.COM,Rive Nord,3,,DEPANNEUR VOISIN (STE-MARTHE). - 00532,STE-MARTHE QUÉBEC JON1P0,"3180, CHEMIN D'OKA",JON1P0
Général,FROMAGER SAUCISSIER STE-DOROTHE,Philippe .,Courriel,4506898436,WJWLAVAL@HOTMAIL.COM,Rive Nord,3,,FROMAGER SAUCISSIER STE-DOROTHE. - 00561,LAVAL,"241, Boulevard Samson",H7X3E4
Général,IGA 529 ROBERT TELLIER Bellefeuille,Kevin :),Phone,4505655977,IGA00529COMPTABILITE@SOBEYS.COM,Rive Nord,3,,No match,N/A,N/A,N/A
Général,IGA 8073 EXTRA LORD,Paul préfère appel le jeudi,Telephone,4505658890,IGA08073LAFONTAINE@SOBEYS.COM,Rive Nord,3,,IGA 8073 EXTRA LORD. (9023-4683 QUEBEC INC.). - 00534,ST-JÉRÔME QUÉBEC J7Y1M8,2012 RUE ST-GEORGES,J7Y1M8
Général,IGA 8311  EXTRA FAMILLE JASMIN 9702571 CANADA INC,Mathieu Valiquette :),Telephone,4502272141,iga08311epicerie@sobeys.com,Rive Nord,3,,IGA EXTRA FAMILLE JASMIN 9702571 CANADA INC. - 00535,SAINT-SAUVEUR QUÉBEC J0R1R6,130 CHEMIN DU LAC MILLETTE,J0R1R6
Général,IGA Alimentation Gareau( iga rawdon famille guilbault ),WILLIAM GUILBAULT / MARTIN GUILBAULT .,Telephone,4508342633,iga08049william.guilbault@sobeys.com,Rive Nord,3,,No match,N/A,N/A,N/A
Général,IGA CREVIER,ELIAS POSTE 203 veut que de la canette,Telephone,4506893131,,Rive Nord,3,,IGA CREVIER. - 00536,LAVAL QUÉBEC H7X3S9,550 AUTOROUTE CHOMEDY,H7X3S9
Général,IGA DAIGLE (#399),Luc Filion c. 450-848-5954 (Denis Martin Gerant),Telephone,4504351370,Iga00399epicerie@sobeys.com,Rive Nord,3,,No match,N/A,N/A,N/A
Général,IGA DAIGLE 8033,Mathieu (pas vendredi) Mr.Gauthier,Courriel,4504355500,iga08033comptabilite@sobeys.com,Rive Nord,3,,No match,N/A,N/A,N/A
Général,IGA EXPRESS FAMILLE PICHE,Genevieve Alain,Telephone,4502242727,IGA06042PREVOST@SOBEYS.COM,Rive Nord,3,,IGA EXPRESS FAMILLE PICHE. - 00539,PRÉVOST QUÉBEC J0R1T0,2900 BOUL CURÉ-LABELLE,J0R1T0
Général,IGA EXPRESS LES FILLES ET ASSOCIES,Martine Lalande,Courriel,4504371920,iga06023rosemere@sobeys.com,Rive Nord,3,,IGA EXPRESS LES FILLES ET ASSOCIES. - 00540,ROSEMÈRE QUÉBEC J7A2H3,203 BOUL. CURÉ LABELLE,J7A2H3
Général,IGA EXTRA DAIGLE (#8548 le Faubourg)),benoit 514-882-7749,PivoHub/Courriel,4504336226,iga08548epicerie@sobeys.com,Rive Nord,3,,No match,N/A,N/A,N/A
Général,IGA EXTRA FAMILLE PICHE,Michel Après 9 AM Nos bières dans le frigo,Telephone,4502244575,IGA08573PREVOST@SOBEYS.COM,Rive Nord,3,,IGA EXTRA FAMILLE PICHE. - 00542,PRÉVOST QUÉBEC J0R1T0,2635 BOUL LABEL,J0R1T0
Général,IGA EXTRA LAMOUREUX,Janick Lamoureux :),Cell + Email,5147079936,janlamoureux@gmail.com,Rive Nord,3,,No match,N/A,N/A,N/A
IGA EXTRA MARCHÉ ST-ANTOINE,Jean-Sebastien Martel,Courriel,4504365004,iga08004poisson@sobeys.comjsebmartel@gmail.com,Rive Nord,3,,IGA EXTRA MARCHE ST-ANTOINE 8004. - 00544,ST-JÉRÔME QUÉBEC J7Z7M2,1430 BOUL. ST-ANTOINE,J7Z7M2
Général,IGA MARCHE AU CHALET,Sylvain jean-philippe,Telephone,4502294256,IGA08224COMPTABILITE@SOBEYS.COM,Rive Nord,3,,IGA MARCHE AU CHALET. - 00545,STE-ADÈLE QUÉBEC J8B0K2,"1300 BOUL, ST-ADÈLE",J8B0K2
Général,IGA MARCHE HEBERT,Janick .,Courriel,4504721558,iga08030epicerie@sobeys.com,Rive Nord,3,,IGA LAMOUREUX 8030,ST-EUSTACHE,299 ARTHUR SAUVÉ,J7P2B1
Général,IGA ST-CANUT,Philippe Lemieux c.514-346-1760,Cell Phone,4504313244,iga08240direction@sobeys.com,Rive Nord,3,,IGA ST-CANUT. - 00562,MIRABEL QUÉBEC J7N0T4,9600 VOIE DE DESSERTE,J7N0T4
Général,IGA TELLIER MONT-TREMBLANT,Jean-Luc De la Bruyère poste 639,Telephone,8196810330,IGA00237COMPTABILITE@SOBEYS.COM,Rive Nord,3,,IGA TELLIER MONT-TREMBLANT. - 00547,MONT-TREMBLANT QUÉBEC J8E2X5,412 RTE 117 MONT-TREMBLANT,J8E2X5
Général,LA CHAUDRONNEE,Joan Carrier,Cell + Email,4504748206,JOAN.CARRIER@LACHAUDRONNEE.COM,Rive Nord,3,,LA CHAUDRONNEE. - 00563,MASCOUCHE QUÉBEC J7K2N3,1321 CHEMIN ST-HENRI,J7K2N3
Général,LA PORTE DES BIERES,Zhu Guang Xuan cell 514-929-2587 Anglophone,Cell + Email,5149292587,zjr2000@yahoo.com,Rive Nord,3,,No match,N/A,N/A,N/A
Général,Les mercenaires culinaires,Frederic Samuel,Telephone,8197174141,,Rive Nord,3,,LES MERCENAIRES CULINAIRES,MONT-TREMBLANT,"411, RUE STE-JOVITE",J8E2Z9
Général,Ma Boucherie.ca 2017 Inc.,Sophie Poirier,Cell + Email,4506884444,info@maboucherie.ca,Rive Nord,3,,MABOUCHERIE.CA 2017 INC - 00799,LAVAL,"423, CARTIER OUEST",H7N2L3
Général,MARCHE BELLEFEUILLE TRADITION FAMILLE CHALIFOUX,Martin Ouellet,Telephone,4504363893,marchebellefeuille@videotron.ca,Rive Nord,3,,MARCHE BELLEFEUILLES LTEE - 00754,ST-JEROME,1004 BOUL. DE LA SALETTE,J5L2JS
Général,MARCHE BONICHOIX STE-ADÈLE,Pascal / Emile :),Telephone,4502293748,bx05845montrolland@sobeys.com,Rive Nord,3,,MARCHE BONICHOIX STE-ADELE. - 00550,STE-ADÈLE QUÉBEC J8B1J9,940 ST-GEORGES,J8B1J9
Général,MARCHE GARIEPY,Kevin / Charles,Telephone,8193200182,catherinegariepy1421@gmail.com,Rive Nord,3,,MARCHE GARIEPY. - 00551,VAL-DAVID QUÉBEC J0T2N0,1417 ROUTE 117,J0T2N0
Général,MARCHE ST-HYPOLITE,rené .,Telephone,4505632145,Estelle.marchetradition@gmail.com,Rive Nord,3,,MARCHE ST-HYPOLITE. - 00552,ST-HYPOLITE QUÉBEC J8A3B9,2280 BOUL. DES. HAUTEURS,J8A3B9
2% Gestion,METRO 0272 : METRO ST-ANTOINE,Vincent .,Telephone,4504317353,MA000722ADM@METRO.CA,Rive Nord,3,,METRO/:MÉTRO PLUS MARCHE ELITE ST-JEROME  - 722.,ST-JÉROME,"430, MGR DUBOIS",J7Y3L8
2% Gestion,METRO 127 : METRO PLUS FAMILLE THIBAULT,kevin parent,Telephone,4504351279,ma000722adm@metro.ca,Rive Nord,3,,METRO/:MÉTRO PLUS 127 - MARCHÉ ÉLITE BLAINVILLE,BLAINVILLE QUÉBEC J7C2N4,1260 BOUL. CURÉ LABELLE,J7C2N4
2% Gestion,METRO 22378 : ALIMENTATION MARCEL PICARD,Camille Henri (pas jeudi) / Pierre Benoit,Telephone,4506233010,mf022378opr@metro.ca,Rive Nord,3,,METRO/:MÉTRO ALIMENTATION MARCEL PICARD 22378.,SAINTE-MARTHE-SUR-LE-LAC,"2860, boul. des Promenades",J0N1P0
2% Gestion,METRO 22395 : METRO PLUSARTHUR-SAUVE,Francois Ethier,Courriel,4504728048,mf022395mgr@metro.ca,Rive Nord,3,,METRO/:MÉTRO PLUS 2395 - ALIMENTATION FRANÇOIS ÉTHIER,SAINT-EUSTACHE,"753, boul. Arthur-Sauvé",J7R4K3
2% Gestion,METRO 2311: METRO ST-ADÈLE,Mathieu .,Telephone,4502292345,MF022311ADM@METRO.CA,Rive Nord,3,,METRO/:MÉTRO ST-ADÈLE 2311.,SAINTE-ADÈLE,"555, boul. Ste-Adèle (rte 117)",J8B1A7
Général,METRO 2377 : 9364 - 2213 QC INC.,Michel Vincent / David,Courriel,8193222030,mf022377mgr@metro.ca,Rive Nord,3,,METRO/:METRO 2377- 9364-2213 QC INC..,VAL DAVID,2500 DE L EGLISE,J0Y2N0
2% Gestion,METRO 2441: 9387-3966 QC,Jeannot Bélanger,Telephone,8193262822,MF022441ADM@METRO.CA,Rive Nord,3,,METRO/:MÉTRO 2441 9387-3966 QC.,SAINTE-AGATHE-DES-MONTS,"1050, rue Principale",J8C1L6
2% Gestion,METRO 2450 : ALIM DOMINIC POTVIN,Jean-Francois . c. 450-822-4080 appeler directement svp,Telephone,8194253381,,Rive Nord,3,,METRO/:MÉTRO ALIM DOMINIC POTVIN 2450.,MONT-TREMBLANT QUÉBEC J8E3J9,1011 RUE ST-JOVITE,J8E3J9
2% Gestion,METRO 271 : METRO ST-SOPHIE -,Olivier Non listé,Telephone,4504363476,MA000722ADM@METRO.CA,Rive Nord,3,,No match,N/A,N/A,N/A
2% Gestion,METRO 5948: METRO SUPER C DAGENAIS,David Rousseau,Email,4506288143,MS005948OPR@METRO.CA,Rive Nord,3,,METRO/:MÉTRO SUPER C DAGENAIS 5948,LAVAL QUÉBEC H7P 1W1,3850 BOULEVARD DAGENAIS OUEST,H7P1W1
2% Gestion,METRO 5971 : METRO SUPER C MONT-TREMBLANT,Stephane Desmers Frigo,Courriel,8194296322,ms025971opr@metro.ca,Rive Nord,3,,No match,N/A,N/A,N/A
2% Gestion,METRO 6845 - Dépanneur des Hauteurs,michael thibodeau 514-772-7791,Cell + Email,4502245210,michaelthibodeau001@gmail.com,Rive Nord,3,,METRO/:METRO 6845 - 9200-5784 QC INC - DEPANNEUR DES HAUTEURS,SAINT-HIPPOLYTE,950 BOUL. DES HAUTEURS,J8A1K9
2% Gestion,METRO 722 : METRO FAMILLE THIBAULT,Mathiew,Courriel,4504323433,MA000722ADM@METRO.CA,Rive Nord,3,,No match,N/A,N/A,N/A
2% Gestion,METRO SUPER C 6140,Eric Lavoie Cell SVP 438-521-4411,,4504359544,ms026140opr@metro.ca,Rive Nord,3,,No match,N/A,N/A,N/A
PÉTRO-CANADA MIRABEL,Yves,Courriel,4504198215,petro10440@bellnet.ca,Rive Nord,3,,PETRO-CANADA  MIRABEL. - 00553,MIRABEL QUÉBEC J7J0R6,"18215, BOUL DE VERSAILLE",J7J0R6
PROVIGO DOMINIC CASAULT ( Lorraine ),François Gingras / Marisol Trezeau,Courriel,4506211115,smp8658p@provigo.ca,Rive Nord,3,,LOBLAW:PROVIGO DOMINIC CASAULT. - 00554,BRAMPTON ONTARIO L6Y5S5,1 PRESIDENT'S CHOICE CIRCLE,L6Y5S5
Général,PROVIGO ST-JEAN 8028,CÉLINE BROUILLETTE ROXANNE MUSSEL,Cell + Email,4504781864,SMP8028G@PROVIGO.CA,Rive Nord,3,,No match,N/A,N/A,N/A
Général,SALAMICO,sylvain .,Telephone,4504724419,SALAMICO@VIDEOTRON.CA,Rive Nord,3,,SALAMICO. - 00555,ST-EUSTACHE QUÉBEC J7R2M4,"385, RUE ST-EUSTACHE",J7R2M4
Général,Supermarche Boucher Inc.,Denis Lepine,Cell + Email,8194247679,ma000277adm@metro.ca,Rive Nord,3,,METRO/:METRO 0277 - SUPERMARCHE BOUCHER INC,ST-DONAT-MONTCALM,870 PRINCIPALE,J0T2C0
Général,DEPANNEUR DE LA GARE,Melodie / Janick Bernard (Jeudi),Telephone,4509517966,JANICK.MELODIE@HOTMAIL.COM,Rive Nord,4,,No match,N/A,N/A,N/A
Général,MARCHE ETHIER EXPRESS,Linda (AUCUN IPA),Telephone,4502584411,ETHIER_SERGE@HOTMAIL.CA,Rive Nord,4,,MARCHE ETHIER EXPRESS. - 00565,MIRABEL QUÉBEC J7N2B6,12446 ARTHUR-SAUVÉ,J7N2B6
2% Gestion,METRO 0581 : METRO DENIGIL,Vincent Carrière,Telephone,4506892282,,Rive Nord,4,,METRO/:MÉTRO DENIGIL 0581.,"STE-DOROTHÉE, LAVAL QUÉBEC H7X1J5",555 BOUL. SAMSON,H7X1J5
2% Gestion,METRO 22445 : ALIMENTATION SYLVAIN BOLDUC (2011) inc.,Poste 2 et Carl Brousseau,Telephone,4506224524,MF022445OPR@METRO.CA,Rive Nord,4,,METRO/:MÉTRO ALIMENTATION SÉBASTIEN LADOUCEUR INC. 2386.,LAVAL,"1207, CURÉ LABELLE",H7L5R7
2% Gestion,METRO 373 : METRO ROSEMERE,Rejean Lemay,Courriel,5147083510,METROROSEMERE@VIDEOTRON.CA,Rive Nord,4,,METRO/:MÉTRO ROSEMERE - 373.,ROSEMÈRE,348 CHEMIN GRANDE CÔTE,J7A1K3
Général,METRO 5918: METRO SUPER C BLAINVILLE,Jeremy,Telephone,5149633797,ms005918opr@metro.ca,Rive Nord,4,,METRO/:MÉTRO SUPER C BLAINVILLE 5918,BLAINVILLE,259 BOUL DE LA SEIGNEURIE O.,J7C4N3
Général,PETRO-BIÈRE,Mourad,Courriel,5146606107,MOURAD_TKA@HOTMAIL.CA,Rive Nord,4,,PETRO-BIERE. - 00566,MIRABEL QUÉBEC J7N1L6,9061 ROUTE SIR WILFRID LAURIER,J7N1L6
Général,SAUCISSES ETC,jenny perreault,Courriel,5144974540,info@saucissesetc.com,Rive Nord,4,,No match,N/A,N/A,N/A
Général,VIA CASSIA (CAFE ET MARCHE),Joseph Cassia,Courriel,4506892999,CASSERS@VIDEOTRON.CA,Rive Nord,4,,VIA CASSIA (CAFE ET MARCHE). - 00569,LAVAL QUÉBEC H7Y1Z8,1263 JOLIBOURG,H7Y1Z8
LE MAPACHE,Maxime Drouin Isabelle Gérard,Cell + Email,5142793481,MAXDROUIN7@GMAIL.COM,Rive Nord,2,csp,No match,N/A,N/A,N/A
Microbrasserie,MICROBRASSERIE LES INSULAIRES,Marilène Barale,Courriel,5148059181,INFO@LESINSULAIRES.CA,Rive Nord,2,csp,MICROBRASSERIE LES INSULAIRES. - 00572,LAVAL,"275, BOUL. DE LA CONCORDE EST",H7G2E5
Général,BIÈRE AU MENU,Catherine,Courriel,4506210611,gabrielle@biereaumenu.com,Rive Nord,3,csp,SAUCISSERIE BDF. - 00528,BOIS-DES-FILLION (,"69, MONTÉE GAGNON",J6Z1H8
Général,LE BALTHAZAR,Clement,Courriel,,comptabilite@lebalthazar.com,Rive Nord,3,csp,No match,N/A,N/A,N/A
Microbrasserie,MICROBRASSERIE LE ST-GRAAL,Pascal Fex,Courriel,4508186039,saintgraal32@hotmail.com,Rive Nord,3,csp,MICROBRASSERIE LE ST-GRAAL. - 00579,STE-THÉRÈSE,"32, RUE TURGEON",J7E3H4
Microbrasserie,MICROBRASSERIE NOIRE & BLANCHE,Yan Nous appelle si besoin,Courriel,4509836100,NEBMICRO@GMAIL.COM,Rive Nord,3,csp,MICROBRASSERIE NOIRE & BLANCHE. - 00580,SAINT-EUSTACHE,"196, RUE ST-EUSTACHE",J7R2L5
Général,PUB BARILS & ARDOISES,Roger / Patrick Mass,Courriel,4504302988,BARILSARDOISES@MAIL.COM,Rive Nord,3,csp,L'ARDOISE. - 00575,STE-THÉRÈSE QUÉBEC J7E2Y2,327 BOUL. CURÉ-LABELLE,J7E2Y2
Général,Restaurant la pomponette,Jean-Michel Pigeon c.514-435-5722,Telephone,4384085544,restaurantlapomponnette@gmail.com,Rive Nord,3,csp,No match,N/A,N/A,N/A
Général,LA CHOPE ST-JERÔME,Samuel Paquette,Courriel,4505043676,administration@lachope.bar,Rive Nord,3,csp,LA CHOPE ST-JEROME. - 00564,ST-JÉRÔME,"316, RUE ST-GEORGES",J7Z5A5
Général,BOUCHERIE AUX SAVEURS DES SEVELIN,Karl,Courriel,4504483918,karlwindge@gmail.com,Rive Sud-Ouest,1,,BOUCHERIE AUX SAVEURS DES SEVELIN. - 00639,LONGUEIL,1575 BOUL.JACQUES-CARTIER EST,J4M2B5
AA,IGA EXTRA MARCHE GAOUETTE,YAN (450-558-1785) .,Pivohub / tel,4503784447,IGA00277granby@SOBEYS.COM,Rive Sud-Ouest,1,,IGA EXTRA MARCHE GAOUETTE. - 00640,GRANBY,"40, ÉVANGELINE",J2G8K1
2% GESTION + AA,IGA LAMBERT - MARCHE LAMBERT & FRÈRES INC,Carl / Daniel,PivoHub/Courriel,4504470330,IGA08021DIRECTION2@SOBEYS.COM,Rive Sud-Ouest,1,,No match,N/A,N/A,N/A
AA,LES ASSOIFFES,Mathias / Etienne / Audrey,Cell + Email,4506729779,LESASSOIFFES@HOTMAIL.COM,Rive Sud-Ouest,1,,LES ASSOIFFÉS.,SAINT-LAMBERT QUÉBEC J4P2J5,"540, AV. VICTORIA",J4P2J5
Général,MARCHE LAVIGNE,Kim avant midi,Telephone,4506704350,DHKIM6002@GMAIL.COM,Rive Sud-Ouest,1,,MARCHE LAVIGNE. - 00642,LONGUEUIL,79 ST-LAURENT OUEST,J4H1L7
Général,PASQUIER,Nicholas (email) epicerie101@pasquier.qc.ca,PivoHub/Courriel,4503496422,epicerie101@pasquier.qc.casylvie.lafrance@pasquier.qc.ca,Rive Sud-Ouest,1,,SEC PASQUIER. - 00643,ST-JEAN-SUR-RICHELIEU QUÉBEC J2W1E2,87-A BOUL. SAINT-LUC,J2W1E2
Général,TITE FRETTE,SABRINA .,Courriel,4509561800,achat@titefrette.ca,Rive Sud-Ouest,1,,No match,N/A,N/A,N/A
Général,TITE FRETTE (COWANSVILLE),BRUNO .,Telephone,4508151800,achat@titefrette.ca,Rive Sud-Ouest,1,,TITE FRETTE. - 00644:TITE FRETTE (ST-HYACINTHE),ST-HYACINTHE QUÉBEC J2S 3H3,1384 DES CASCADES,J2S3H3
AA,TITE FRETTE (ST-JEAN),MAXIME .,Courriel,4508953800,achat@titefrette.ca,Rive Sud-Ouest,1,,No match,N/A,N/A,N/A
Général,CA COULE À FLOTS,Jean-Philippe Buzare,Courriel,5813072939,JPBUZARE@CACOULEAFLOTS.COM,Rive Sud-Ouest,2,,CA COULE A FLOTS. - 00647,LAPRAIRIE QUÉBEC J5R1W2,"835, BOUL TACHEREAU, SUITE 101",J5R1W2
Général,Depanneur Andre Galipault,Shuaib / Amade,Pivohub / tel,4505382337,bonisoirsutton@hotmail.com,Rive Sud-Ouest,2,,EPICERIE A.GALIPAULT. - 00650,SUTTON J0E2K0,7 RUE PRINCIPALE SUD,J0E2K0
Général,DEPANNEUR CHARLES BOURGEOIS,Charles Bourgeois,Courriel,4502450045,DEP.CB@BELLNET.CA,Rive Sud-Ouest,2,,DEPANNEUR CHARLES BOURGEOIS. - 00648,,170 BOUL. INDUSTRIEL suite 100
Général,DEPANNEUR GRAND DUC,Mark anglo,Courriel,4506747225,DEPANNEURGRANDDUC@GMAIL.COM,Rive Sud-Ouest,2,,DEPANNEUR GRAND DUC. - 00649,LONGUEUIL,1330 RUE MAPLE,J4J4N9
Général,IGA BROSSARD- SUPERMARCHE PICARD,LUC .,Cell + Email,4504448747,iga08226epicerie@sobeys.com,Rive Sud-Ouest,2,,No match,N/A,N/A,N/A
Général,IGA EXTRA GREENFIELD PARK,Gaetan Gagnon(conge merc) 514-250-4200 .,Telephone,4506567055,IGA08283COMPTABILITE@SOBEYS.COM,Rive Sud-Ouest,2,,IGA EXTRA GREENFIELD PARK. - 00654,GREENFIELD PARK QUÉBEC J4V3R4,"300, RUE AUGUSTE",J4V3R4
Général,IGA FAMILLE ROY 8202,Joey,Telephone,4504273614,iga08202epicerie@sobeys.com,Rive Sud-Ouest,2,,No match,N/A,N/A,N/A
Général,IGA REID-BOURSIER,Richard,Telephone,4506917647,iga08199mercier@sobeys.com,Rive Sud-Ouest,2,,IGA REID-BOURSIER. - 00656,MERCIER QUÉBEC J6R2A3,631 BOUL. ST-JEAN-BAPTISTE,J6R2A3
2% Gestion,MARCHE LAMBERT ET FRERES:IGA DELSON (MARCHE LAMBERT),Thierry 514-799-5611 cell,Cell + Email,4506357534,iga08021direction2@sobeys.com,Rive Sud-Ouest,2,,No match,N/A,N/A,N/A
MARCHE LAMBERT ET FRERES:IGA DELSON (MARCHE LAMBERT),Thierry 514-799-5611 cell,Cell + Email,4506357534,iga08021direction2@sobeys.com,Rive Sud-Ouest,2,,No match,N/A,N/A,N/A